id,domain,status,purchase_price,renewal_price,attractiveness,demand,length,registrar,created_at,expires_at,status_verified_at
da4b1145-2524-41da-bd07-08daac8c7467,pigweed.vodka,available,33.98,43.98,medium,low,7,namecheap,,,18/09/2026 15:54
b50b7187-99d9-494c-9d9d-bc392a2e714f,emblematic.vodka,available,32.49,32.49,high,low,10,namesilo,,,16/08/2026 09:29
04b09019-ed94-4e82-8912-b6a11bd4266d,abbot.vodka,available,33.98,43.98,medium,low,5,namecheap,,,16/09/2026 14:31
1b981686-4021-41a5-9ddf-e459f708cccf,fence.vodka,available,26.08,26.08,high,low,5,spaceship,,,29/09/2026 19:13
be9c8f4d-2b71-4329-ae99-06ea3054c206,poise.vodka,available,33.98,43.98,high,low,5,namecheap,,,19/09/2026 17:50
510ac774-b514-4056-add3-803576afde02,ernest.vodka,premium,47.2,29.5,high,low,6,namesilo,,,28/09/2026 11:52
e5e5f534-6ae5-4db4-9f92-0460fdc9fe53,reporter.vodka,available,32.49,32.49,high,low,8,namesilo,,,25/09/2026 09:33
7577aabd-62a6-4cb6-b492-f1154a4d10c9,comprehension.vodka,available,26.08,26.08,high,low,13,spaceship,,,29/09/2026 23:00
951a5fa2-e6b0-41b2-9b2d-79da9963460e,uxorious.vodka,available,32.49,32.49,medium,low,8,namesilo,,,13/09/2026 00:33
fb155351-b7bf-4a42-b7c1-742dbc742353,groggy.vodka,available,32.49,32.49,medium,low,6,namesilo,,,18/08/2026 09:53
a64d65ca-31f3-41e7-a375-1d27f7baea8c,paintings.vodka,available,32.49,32.49,high,low,9,namesilo,,,27/09/2026 03:04
aba764de-3ad1-40a9-acaf-59e2df4656a2,shut.vodka,premium,47.2,29.5,high,low,4,namesilo,,,12/08/2026 12:10
ee4095dd-3123-42b7-94de-0243eb12c746,gardener.vodka,available,32.49,32.49,high,low,8,namesilo,,,28/09/2026 09:51
f2806213-7023-48f9-a0f7-3bc73e67072e,motorcoach.vodka,available,32.49,32.49,medium,low,10,namesilo,,,21/09/2026 06:31
0629ed72-fed9-43e3-89f4-2ae2a31762ca,solitary.vodka,available,32.49,32.49,high,low,8,namesilo,,,24/08/2026 08:55
42fcc53c-c208-49f6-8df5-bf0211822d24,gallantly.vodka,available,32.49,32.49,medium,low,9,namesilo,,,14/09/2026 06:45
a86980f3-24cd-4678-b1d9-f52655938b1c,bellyful.vodka,available,32.49,32.49,high,low,8,namesilo,,,23/09/2026 06:51
a07e18b8-c873-4b3b-8f6e-bcd4cc3ffa8c,firstborn.vodka,available,32.49,32.49,high,low,9,namesilo,,,16/08/2026 02:17
d4362b54-7d35-4fba-aa89-08dbd70a75d4,aggressive.vodka,available,32.49,32.49,high,low,10,namesilo,,,21/09/2026 22:59
d65ea4eb-e45e-4803-bc35-0ac5febf53d0,acceptor.vodka,available,32.49,32.49,high,low,8,namesilo,,,16/09/2026 22:02
8ae6597f-469f-4382-9bdf-1e94238de088,slipstream.vodka,available,32.49,32.49,high,low,10,namesilo,,,21/09/2026 16:20
5eafcdc9-d7c9-4648-858d-241cf9282203,beekeeping.vodka,available,33.98,43.98,high,low,10,namecheap,,,19/09/2026 17:24
8e3bb18e-160c-4617-b2b0-e7896cafe479,command.vodka,available,33.98,43.98,high,low,7,namecheap,,,23/09/2026 13:28
87d31244-5bd3-477d-b5f6-b959681564d3,auklet.vodka,available,32.49,32.49,medium,low,6,namesilo,,,21/09/2026 04:08
fd7d12c4-396c-44f9-a9dd-a19b22cd937a,achene.vodka,available,32.49,32.49,medium,low,6,namesilo,,,17/09/2026 00:28
2ba64d9a-b568-4074-abd5-62f7881c07e9,sing.vodka,available,32.49,32.49,high,low,4,namesilo,,,
11005661-a16f-4f35-9026-e976c59a3b5d,delta.vodka,premium,47.2,29.5,high,medium,5,namesilo,,,29/09/2026 13:52
3464d4d8-c35b-45e9-b09a-3fe59c27786a,skate.vodka,available,32.49,32.49,high,low,5,namesilo,,,28/09/2026 06:45
c26509b4-b2e9-4518-99b1-72bcb8f43f40,scoring.vodka,available,25.2,25.2,high,low,7,cloudflare,,,29/09/2026 02:05
9ec68ad6-5dde-4cc0-9eaa-30e723931cdd,blunt.vodka,premium,47.2,29.5,high,low,5,namesilo,,,22/09/2026 23:15
b0c96a0a-ef18-4f8f-b840-304b3319dbf5,ramble.vodka,available,32.49,32.49,high,low,6,namesilo,,,10/09/2026 22:10
8c5233ba-0745-4782-81f5-bcdace8528c6,tribal.vodka,available,33.98,43.98,high,low,6,namecheap,,,11/09/2026 19:22
1dabc259-bcb8-4360-a561-2fbcbbd0f900,borges.vodka,premium,47.2,29.5,high,low,6,namesilo,,,29/09/2026 11:45
00d5c7df-616c-49e4-981c-87ef3261a967,ruddy.vodka,available,32.49,32.49,high,low,5,namesilo,,,10/08/2026 14:59
ad5043c0-19fe-4bf4-b0aa-674042236df5,livery.vodka,available,32.49,32.49,high,low,6,namesilo,,,24/08/2026 08:06
6d33a3df-bb81-4331-846f-b6275098768b,auction.vodka,available,33.98,43.98,high,low,7,namecheap,,,21/09/2026 02:41
49fbcdef-3b93-4824-8a11-03f8dce55961,outer.vodka,available,32.49,32.49,high,low,5,namesilo,,,
5dbe0f20-f97a-4252-afa1-591a0c5bb0f6,oviparous.vodka,available,32.49,32.49,medium,low,9,namesilo,,,04/09/2026 22:09
b1decfca-32cf-42ce-8dea-527a6352109c,cowardice.vodka,available,33.98,43.98,medium,low,9,namecheap,,,24/09/2026 18:57
85793e92-3484-433a-b3ca-2311c757f8b7,piping.vodka,available,32.49,32.49,medium,low,6,namesilo,,,10/09/2026 19:43
1ca2fb32-daf8-403d-8f13-6c0abc57688c,catalonia.vodka,available,26.08,26.08,medium,low,9,spaceship,,,28/09/2026 09:16
cf07626f-743f-49c8-9121-16469d949a28,performers.vodka,available,32.49,32.49,medium,low,10,namesilo,,,30/09/2026 00:18
21b7f6d6-1aaf-4a44-837a-91c9b351d8af,incoherent.vodka,available,32.49,32.49,medium,low,10,namesilo,,,22/08/2026 01:42
a0cd87d0-fc43-4f89-bf3a-3353d1be5e04,tracking.vodka,available,32.49,32.49,high,low,8,namesilo,,,
ca01d7b1-99a1-4c24-b851-fd2043483ed6,smiling.vodka,available,25.2,25.2,high,low,7,cloudflare,,,27/09/2026 23:05
481a6c86-1596-44fb-a4e4-39e76fa2c0e3,bunco.vodka,available,32.49,32.49,medium,low,5,namesilo,,,14/09/2026 07:59
158d9aaf-7fad-46b0-8fb9-349102313c87,streets.vodka,available,32.49,32.49,high,low,7,namesilo,,,
92e6f9b9-36b9-41a7-8a63-f800d8e5fe3f,gaudi.vodka,available,32.49,32.49,medium,low,5,namesilo,,,19/09/2026 15:36
a5d8eea8-1713-41ff-b7f1-4c5d9995f89a,configured.vodka,available,32.49,32.49,high,low,10,namesilo,,,12/08/2026 20:47
6eb1ad80-c4d9-42d4-a5a2-cc8572ccb7b0,raffish.vodka,available,46.99,46.99,medium,low,7,name.com,,,13/08/2026 17:31
0f91450f-50f0-47bd-8477-b255d6d59138,depleted.vodka,available,32.49,32.49,medium,low,8,namesilo,,,14/08/2026 02:23
0d791655-f5bb-43ca-82f9-41d4979013f5,bluebottle.vodka,available,33.98,43.98,high,low,10,namecheap,,,21/09/2026 14:09
f635021e-9480-4cb6-91bd-10424036fe1c,encomium.vodka,available,32.49,32.49,high,low,8,namesilo,,,05/09/2026 00:40
4e283373-7a4c-42f8-a7e5-e85c12ff73a4,bitterness.vodka,available,32.49,32.49,medium,low,10,namesilo,,,17/09/2026 03:08
0192fb99-f213-45ac-93a0-a6d5239aa7d3,ethnologic.vodka,available,32.49,32.49,medium,low,10,namesilo,,,17/08/2026 13:51
98e14c83-b3f5-469c-95ad-750f859d974f,wrote.vodka,available,32.49,32.49,medium,low,5,namesilo,,,
6e37bbad-0c5e-45c2-8a6b-a59e7c9e6850,similarity.vodka,available,33.98,43.98,high,low,10,namecheap,,,29/09/2026 19:30
ad9d8bd0-2af7-4b0f-9e23-870a1d3978e3,blythe.vodka,premium,47.2,29.5,high,low,6,namesilo,,,29/09/2026 23:30
06b327d6-3052-41b2-abe5-57756967beae,attired.vodka,available,32.49,32.49,medium,low,7,namesilo,,,06/08/2026 04:47
6920e92d-6b70-4c74-a0f0-a0210b23ca66,right.vodka,available,32.49,32.49,high,low,5,namesilo,,,23/09/2026 23:38
c83032ac-6a4f-4a75-8f9f-76d92cfd01c4,second.vodka,available,32.49,32.49,high,low,6,namesilo,,,21/09/2026 12:59
f4a81e1b-50df-4603-b1ce-091659cb7a32,xlvii.vodka,available,32.49,32.49,medium,low,5,namesilo,,,
1e538d64-9d6f-44ec-a31e-ad1c7031e35a,svelte.vodka,available,32.49,32.49,high,low,6,namesilo,,,24/08/2026 01:16
c63237bf-1523-4ee1-84d4-9d979bc05e70,softish.vodka,available,32.49,32.49,medium,low,7,namesilo,,,10/09/2026 03:22
4ac7063c-f4c0-477b-8f76-9576f61012e6,febrile.vodka,available,32.49,32.49,medium,low,7,namesilo,,,18/08/2026 00:27
3c6640d1-05c8-486e-80d2-5069ab7108c2,holiday.vodka,premium,47.2,29.5,high,low,7,namesilo,,,29/09/2026 22:56
c91ab19b-43a5-4f86-8391-71195a782165,readers.vodka,available,26.97,26.97,medium,low,7,dynadot,,,28/09/2026 17:52
1f78f6e7-8fca-4001-987e-71bd3932bac3,continuous.vodka,available,32.49,32.49,high,low,10,namesilo,,,23/09/2026 22:20
d0fa5d63-3b95-4aec-b7ac-8cbef8ea9860,nazis.vodka,available,26.97,26.97,low,low,5,dynadot,,,28/09/2026 09:00
e105be83-3862-4209-ad2e-eb25c93dcc23,musky.vodka,premium,47.2,29.5,high,low,5,namesilo,,,03/09/2026 11:33
2039db2a-feb2-4b77-86aa-9df00cf07bed,impractical.vodka,available,32.49,32.49,medium,low,11,namesilo,,,
5648bf19-ac3d-457a-adf7-e4a5c9d17ac0,boreal.vodka,available,33.98,43.98,high,low,6,namecheap,,,10/08/2026 19:55
1fd8077b-7611-4f4f-893c-d771cc678565,dishonest.vodka,available,32.49,32.49,medium,low,9,namesilo,,,11/08/2026 03:44
bb93e8b9-7ea6-4559-a254-36d7ec47ccb9,natchez.vodka,premium,52,32.5,high,low,7,namecheap,,,28/09/2026 14:57
d3deacf9-3cfc-4e7a-b868-fdb18399ff89,katie.vodka,premium,47.2,29.5,high,low,5,namesilo,,,25/09/2026 13:27
54a01a91-2a24-49d1-9ec0-9251e7c4e739,ungentle.vodka,available,32.49,32.49,medium,low,8,namesilo,,,12/09/2026 11:11
a972ced7-3c6b-4b16-9763-1de99625c7c0,unsure.vodka,available,32.49,32.49,medium,low,6,namesilo,,,22/08/2026 01:08
f9cb2999-cf7c-48e7-821e-4d0fedd487b4,lunisolar.vodka,available,32.49,32.49,medium,low,9,namesilo,,,24/08/2026 11:31
eec15839-b542-4a25-add1-bc33000eeea3,obscenity.vodka,available,32.49,32.49,medium,low,9,namesilo,,,22/09/2026 16:47
a5f2c618-dff1-4c20-8af3-a2c69f85ec8e,millennium.vodka,available,32.49,32.49,high,low,10,namesilo,,,24/08/2026 23:15
d2318199-8b69-4e27-8151-15f83edf5a6c,random.vodka,available,32.49,32.49,high,medium,6,namesilo,,,19/09/2026 11:18
272ba80d-ff07-4460-b06e-90a4cde75b76,astro.vodka,available,25.2,25.2,high,medium,5,cloudflare,,,29/09/2026 14:36
f590168d-0cd1-47f4-9f6f-6e60943ed169,selected.vodka,available,32.49,32.49,high,low,8,namesilo,,,27/09/2026 19:50
1c83d0da-1d85-4476-b571-c4d697d86a51,paint.vodka,available,32.49,32.49,high,low,5,namesilo,,,
c3ab5bae-6c9d-41b3-8e6c-3985acd35b80,draconian.vodka,available,33.98,43.98,medium,low,9,namecheap,,,14/08/2026 18:10
8894cfbc-b769-41c1-a744-389cb90afdd7,conspiracy.vodka,available,32.49,32.49,high,low,10,namesilo,,,29/09/2026 11:13
a8efd56f-2ec5-499f-bf4d-acf010070e09,expedience.vodka,available,32.49,32.49,medium,low,10,namesilo,,,10/09/2026 02:11
90d3a069-72b1-4973-bde4-854e0bfbe56a,retrieved.vodka,available,32.49,32.49,medium,low,9,namesilo,,,
831a3394-c54e-40b4-bbc2-a28ef0fe57b1,jill.vodka,premium,47.2,29.5,high,low,4,namesilo,,,25/09/2026 11:32
366ce29c-519f-43d1-ab59-349379874c2e,franks.vodka,available,32.49,32.49,high,low,6,namesilo,,,
461542e4-0922-4110-b648-ab8e3e623b6b,deposition.vodka,available,32.49,32.49,medium,low,10,namesilo,,,24/09/2026 22:00
37cf2752-3377-4bfc-949c-981c0ff257a3,barbecue.vodka,premium,207.2,26.08,high,low,8,spaceship,,,29/09/2026 01:06
b4a3dadb-edc3-47b1-b300-5f2c88185137,acceptably.vodka,available,32.49,32.49,high,medium,10,namesilo,,,10/09/2026 12:55
bb0301e6-7d00-44b1-a172-7bdbc2442ce5,modest.vodka,premium,47.2,29.5,high,low,6,namesilo,,,25/09/2026 06:33
95e95511-bf21-4a92-bba3-bd411912b521,salutary.vodka,available,33.98,43.98,high,medium,8,namecheap,,,09/09/2026 21:00
46e7eabf-cc13-4952-b46f-058d80595fd3,bowling.vodka,available,32.49,32.49,high,low,7,namesilo,,,27/09/2026 03:22
e0e1d056-0eba-4c03-bdf7-5e9c39ddaae4,injectable.vodka,available,32.49,32.49,high,low,10,namesilo,,,22/08/2026 05:36
77d6ced1-23dd-44c4-ad69-687c92016ca7,encysted.vodka,available,32.49,32.49,medium,low,8,namesilo,,,17/08/2026 00:44
fd071a25-67a0-44da-af40-61162273d717,powerful.vodka,available,32.49,32.49,high,low,8,namesilo,,,23/09/2026 09:23
1b3d7fff-479a-4e4e-b20d-e24c6b933269,femoral.vodka,available,32.49,32.49,medium,low,7,namesilo,,,18/08/2026 01:05
a3c63035-f732-47a1-99c8-59b4f2032aa1,webster.vodka,premium,,,high,low,7,,,,28/09/2026 01:45
956771d4-f568-4f98-90bb-f3c7c1909c47,clanking.vodka,available,32.49,32.49,medium,low,8,namesilo,,,12/08/2026 09:33
a00f283c-6f7c-493d-9043-c68cbd6c65aa,empty.vodka,available,32.49,32.49,high,low,5,namesilo,,,24/09/2026 13:56
cb7f3781-3257-4c85-9e40-aed01faf80d9,dissolved.vodka,available,32.49,32.49,medium,low,9,namesilo,,,14/08/2026 12:56
00bfab03-9cd5-462b-b195-aa89643bcf43,warranty.vodka,available,26.08,26.08,high,low,8,spaceship,,,29/09/2026 21:39
f511c31e-1918-4f6d-9439-b6aae9899d74,churchman.vodka,available,32.49,32.49,high,low,9,namesilo,,,14/08/2026 23:29
85e67184-21fd-4903-af9f-b7aa9fa0e519,tabs.vodka,available,32.49,32.49,medium,low,4,namesilo,,,20/09/2026 01:36
ad926613-43c8-4bb6-956a-5d2a7a0aedc9,accidentally.vodka,available,26.97,26.97,medium,low,12,dynadot,,,28/09/2026 03:20
ccf4e184-68f4-472c-b818-5e3cd43c8c29,brockhouse.vodka,available,32.49,32.49,medium,low,10,namesilo,,,23/09/2026 10:18
7ddd4018-bb64-49e6-aecc-276e133ddb37,headteacher.vodka,available,43.98,,high,low,12,namecheap,,,
a141ac01-1921-4c8b-8e9a-268c901f5acc,agapornis.vodka,available,33.98,43.98,medium,low,9,namecheap,,,17/09/2026 16:13
9770afdf-f04e-45f7-83de-e43bab942257,thousands.vodka,available,32.49,32.49,medium,low,9,namesilo,,,18/09/2026 15:22
aa4a1cef-fe0d-403c-9f24-637071565820,maguire.vodka,premium,47.2,29.5,high,low,7,namesilo,,,28/09/2026 04:17
c989c612-9ec7-4ade-9d9a-008eb5ec15de,resentful.vodka,available,32.49,32.49,medium,low,9,namesilo,,,09/09/2026 14:48
08b5d922-395d-4c0c-83d9-fcc0815ca769,diazo.vodka,available,32.49,32.49,medium,low,5,namesilo,,,14/08/2026 06:23
efab46c7-c8f9-4be8-929f-e94a1fe76709,lambent.vodka,available,32.49,32.49,medium,low,7,namesilo,,,
d2352809-93bc-4fd6-8cc3-362a570a2908,arsenic.vodka,available,33.98,43.98,medium,low,7,namecheap,,,13/09/2026 21:07
e4f97307-11b8-45fe-b465-823e35010606,glycogen.vodka,available,32.49,32.49,medium,low,8,namesilo,,,19/09/2026 08:46
b1168b4b-efb8-45d0-ac54-f4d20f5322b7,clay.vodka,premium,47.2,29.5,high,low,4,namesilo,,,29/09/2026 05:45
5f93fa5c-1090-4348-9cd5-7ad744840cf1,francois.vodka,premium,47.2,29.5,high,low,8,namesilo,,,27/09/2026 07:39
251022e9-0c38-458c-accb-0cc0ca097da3,rush.vodka,premium,52,32.5,high,low,4,namecheap,,,24/09/2026 18:44
dfd0e801-9de4-4df3-bb6d-253eaa09fe41,mothafucka.vodka,available,32.49,32.49,medium,low,10,namesilo,,,
fc3126d7-2566-4678-a7d2-bd49a48933ef,palladio.vodka,available,32.49,32.49,high,low,8,namesilo,,,19/09/2026 04:26
e69302c8-d0be-467d-be7f-2af58ca7b323,comfortably.vodka,available,32.49,32.49,high,low,11,namesilo,,,
cb262499-d4f1-4e6e-b718-874c867a4386,raiding.vodka,available,32.49,32.49,medium,low,7,namesilo,,,24/08/2026 15:45
79bd9564-4b5d-403e-9aa9-32bb6801187e,northern.vodka,available,33.98,43.98,high,low,8,namecheap,,,25/09/2026 23:11
abbb599e-9f08-4b05-9b8c-42fbb47fea01,witnesses.vodka,available,33.98,43.98,medium,low,9,namecheap,,,25/09/2026 18:59
aba7487b-038c-46c8-8358-6fee8bd16ceb,sophisticated.vodka,available,32.49,32.49,high,low,13,namesilo,,,
778a63cd-f1ab-4d4c-830c-febaf8b89637,lineup.vodka,available,26.97,26.97,medium,low,6,dynadot,,,29/09/2026 23:05
0d25a5a2-e7a8-4cc3-bc41-db8e4f081e95,illusory.vodka,available,33.98,43.98,medium,low,8,namecheap,,,21/08/2026 20:15
18dd3d4e-d200-441a-8068-502796cf8198,bohemian.vodka,available,32.49,32.49,high,low,8,namesilo,,,10/08/2026 17:19
03a0d367-a638-40be-8236-03793a8da011,numb.vodka,available,33.98,43.98,medium,low,4,namecheap,,,22/09/2026 19:39
907cd794-1333-4a27-b9e9-f6f4b12a78b2,kosovo.vodka,available,32.49,32.49,high,low,6,namesilo,,,25/09/2026 23:25
1183cb0b-3bef-42ed-948a-79bbaaf6a29d,teamwork.vodka,available,43.98,,high,low,8,namecheap,,,
9cba68a7-6d4d-41fe-940b-8cd4f8282902,bedfellow.vodka,available,32.49,32.49,medium,low,9,namesilo,,,22/09/2026 23:14
1f9bea7f-b401-44ca-8ee9-9eae951b80ef,classy.vodka,premium,500,46.99,high,low,6,name.com,,,12/08/2026 09:52
b5307a74-99e1-417f-87dc-58c40497e6ee,snorty.vodka,available,32.49,32.49,high,medium,6,namesilo,,,10/09/2026 06:38
e8edda28-ef18-4566-9568-f09971b8fa1a,barracuda.vodka,available,32.49,32.49,high,low,9,namesilo,,,22/09/2026 07:54
ff077fbb-86e4-4afb-b8bc-acdcd5c9b389,earthy.vodka,available,32.49,32.49,high,low,6,namesilo,,,14/08/2026 17:31
4e256020-acd2-4934-b5d6-eb7d52c87358,stranded.vodka,available,32.49,32.49,high,low,8,namesilo,,,25/09/2026 17:00
bc6e5dcd-b1dd-4e3e-8492-90a75385f8e9,humanlike.vodka,available,32.49,32.49,medium,low,9,namesilo,,,
817c7ff0-f18c-4aaf-a228-cebc7f7ac37a,merchandise.vodka,available,32.49,32.49,high,low,11,namesilo,,,28/09/2026 03:28
97cb452c-8d2d-442c-af70-b8f232cbeb26,conquer.vodka,available,32.49,32.49,high,low,7,namesilo,,,
9119b79d-878b-49ef-8652-88a69b5aec69,untracked.vodka,available,32.49,32.49,medium,low,9,namesilo,,,08/09/2026 10:31
ca0fb2d6-e3f4-4f20-8dbd-0b821b21367c,entangled.vodka,available,32.49,32.49,medium,low,9,namesilo,,,16/08/2026 13:26
139d6a05-0f70-42ce-8348-153e3837612b,reassuring.vodka,available,32.49,32.49,high,low,10,namesilo,,,09/09/2026 11:14
cdb77991-394f-405a-933e-690f4e5fad4f,sanctioned.vodka,available,32.49,32.49,high,low,10,namesilo,,,06/08/2026 09:24
87bb5a30-e5d7-457a-88b0-1cbdc26b0985,jiffy.vodka,available,32.49,32.49,high,low,5,namesilo,,,22/08/2026 07:30
dc811488-e2b6-4045-b9e2-67b2f8a8b954,recommendation.vodka,available,43.98,,high,low,14,namecheap,,,
fa6c9aab-d8bc-47d8-a356-4a543471335b,orgasm.vodka,premium,47.2,29.5,high,low,6,namesilo,,,29/09/2026 13:36
e78bde85-7ad0-4e1f-aa9a-015e59bad398,biddy.vodka,available,32.49,32.49,medium,low,5,namesilo,,,23/09/2026 13:45
e99d9740-2517-4b33-8727-326a8ec273d5,vehicular.vodka,available,32.49,32.49,medium,low,9,namesilo,,,13/09/2026 01:48
d94b7651-4cb1-4633-9988-3786f9a89aca,procession.vodka,available,26.08,26.08,high,low,10,spaceship,,,29/09/2026 06:59
4c2d037c-d825-4aa1-844a-37fa974199f9,unq.vodka,available,32.49,32.49,medium,low,3,namesilo,,,20/09/2026 22:06
d31bf5e8-4aed-4085-b3df-0e44dc47cd8e,unconscious.vodka,available,33.98,43.98,medium,low,11,namecheap,,,26/09/2026 03:06
544f7ed1-f9c6-4e45-8069-a3fa69bf0abd,bacchante.vodka,available,32.49,32.49,high,low,9,namesilo,,,21/09/2026 13:59
d3fc2d92-66d8-4758-998b-8a211d454b39,lowering.vodka,available,33.98,43.98,high,low,8,namecheap,,,25/09/2026 15:28
306270e7-2386-4093-9586-1dc535d3fe45,juvenile.vodka,available,32.49,32.49,high,low,8,namesilo,,,22/08/2026 14:58
ff90099e-98b3-4e88-acc8-d4c7f4f8f481,curious.vodka,available,32.49,32.49,high,low,7,namesilo,,,24/09/2026 03:57
e374bb5d-cbce-4f52-9499-d96d8b8ee014,palmae.vodka,available,32.49,32.49,medium,low,6,namesilo,,,20/09/2026 03:32
8d157041-da35-43a3-8677-99d37df9a0c9,exhale.vodka,premium,47.2,29.5,high,low,6,namesilo,,,
76a4c265-b6ae-45ba-bdb9-e7b7aa8850bc,upfield.vodka,available,32.49,32.49,medium,low,7,namesilo,,,12/09/2026 23:08
4f13f786-29ee-4739-a39b-e236a78d1452,concordant.vodka,available,33.98,43.98,high,low,10,namecheap,,,12/08/2026 20:16
b03bce2c-91bd-449a-b7b1-2ee52eb52b2c,compatible.vodka,available,32.49,32.49,high,low,10,namesilo,,,23/09/2026 16:57
092264f9-899e-4e58-a17c-2a6061274d0e,destroyer.vodka,available,32.49,32.49,high,low,9,namesilo,,,28/09/2026 05:31
4648c423-528f-4032-a3c5-0dc11793b9d9,arnica.vodka,available,33.98,43.98,high,low,6,namecheap,,,20/09/2026 08:11
a24e5b06-9bf3-4234-b237-6ddfe863d9dc,projected.vodka,available,32.49,32.49,high,low,9,namesilo,,,22/08/2026 14:46
2a7dda07-91a1-49dc-9ec0-f343d8877f0b,obadiah.vodka,available,32.49,32.49,medium,low,7,namesilo,,,16/09/2026 14:40
cbf1da59-d9a6-4485-80c4-5676745c5b08,facet.vodka,available,33.98,43.98,high,low,5,namecheap,,,28/09/2026 22:42
9ce60b81-7f6b-471a-9031-00e05319b3a0,acceptance.vodka,available,33.98,43.98,high,low,10,namecheap,,,16/09/2026 22:01
59b851ef-ab8e-4d8d-9354-84e027554a8d,takeoff.vodka,available,26.08,26.08,high,low,7,spaceship,,,29/09/2026 18:17
e4e99581-a569-4777-9c19-8272d4cdaf25,antalya.vodka,premium,52,32.5,high,low,7,namecheap,,,17/09/2026 06:10
08ae5230-af8b-4b34-afcc-ba73bddd9034,nostrils.vodka,available,32.49,32.49,medium,low,8,namesilo,,,
b54c5c27-759d-4b46-8880-ca0c70871c1f,glooming.vodka,available,32.49,32.49,medium,low,8,namesilo,,,20/08/2026 14:41
933277f4-6508-4bff-8d1b-9f469390708f,whispering.vodka,available,32.49,32.49,high,low,10,namesilo,,,03/09/2026 11:10
59aab833-2bc6-47fa-8eb6-35a1a4951ce9,drowsy.vodka,available,33.98,43.98,medium,low,6,namecheap,,,14/08/2026 18:05
a840795f-9e5a-485e-842b-f98cc58d7708,dominating.vodka,available,32.49,32.49,medium,low,10,namesilo,,,07/08/2026 19:40
3883a22a-e665-4093-80a5-b61ebd213a3b,anouilh.vodka,available,32.49,32.49,medium,low,7,namesilo,,,19/09/2026 11:52
6074c661-c4cb-4aa9-a47b-3a3dee68c97e,bulging.vodka,available,32.49,32.49,medium,low,7,namesilo,,,09/08/2026 13:41
ccc241d5-40af-4adc-88eb-b59b3fbc441e,freakish.vodka,available,32.49,32.49,high,low,8,namesilo,,,10/08/2026 09:56
3b7d270f-fd6b-4372-b3a8-cfa2cd82c036,immunized.vodka,available,33.98,43.98,medium,low,9,namecheap,,,21/08/2026 21:30
964ad906-61a9-4bef-8366-acdba7df792a,heaps.vodka,available,32.49,32.49,high,low,5,namesilo,,,14/09/2026 23:17
aa0851f8-b20d-4bf4-9123-9d3cea781d79,delectable.vodka,available,32.49,32.49,high,low,10,namesilo,,,14/08/2026 00:21
9b3b80dc-5004-46ac-92ef-c74ccf103829,hen.vodka,premium,47.2,29.5,high,low,3,namesilo,,,23/09/2026 13:44
7353002a-345d-4055-9633-0ac7aa514f56,smile.vodka,premium,52,32.5,high,medium,5,namecheap,,,27/09/2026 22:59
b132991e-29fd-4de1-b794-4d3483353aec,armadillo.vodka,available,32.49,32.49,high,low,9,namesilo,,,20/09/2026 06:27
f6f2f399-b055-4b3b-9878-6c6e013a470b,manuscript.vodka,available,25.2,25.2,high,low,10,cloudflare,,,28/09/2026 10:05
d9c16d54-32e6-4e41-8ff7-22da20fdb1c7,hope.vodka,premium,47.2,29.5,high,medium,4,namesilo,,,24/09/2026 06:22
678d9f83-7097-4d8e-b012-7051d7a402a4,transmitter.vodka,available,26.08,26.08,high,low,11,spaceship,,,28/09/2026 15:46
91b19038-a69d-42b3-a164-0dd1b22ebfff,resistant.vodka,available,32.49,32.49,high,low,9,namesilo,,,09/09/2026 15:18
4eccce3e-fde4-42e6-8e6b-3a6585e0135f,unused.vodka,available,25.2,25.2,medium,low,6,cloudflare,,,28/09/2026 09:50
04fb3e81-4145-4be4-a836-afe3ebb82d22,eolic.vodka,available,32.49,32.49,low,low,5,namesilo,,,17/09/2026 12:36
57aae499-be0c-43ef-9702-92ce9bf3d7df,rebuff.vodka,available,32.49,32.49,medium,low,6,namesilo,,,10/09/2026 10:49
0a0cd0ed-16ca-4cd7-8e3d-a254bfb29b57,fore.vodka,available,32.49,32.49,high,low,4,namesilo,,,18/08/2026 11:26
daaa02f0-43cf-47c4-a5c8-34346bb95cca,zanzibar.vodka,available,32.49,32.49,high,low,8,namesilo,,,
79df590e-2168-4341-b279-ef2b738c63dd,coherent.vodka,available,32.49,32.49,high,low,8,namesilo,,,12/08/2026 16:00
f82df831-4f45-484f-99a7-77346c07d49a,freezer.vodka,premium,,,high,low,7,,,,29/09/2026 07:08
22554fcb-4f3c-46c1-bb85-aa480b9c76ea,belts.vodka,available,32.49,32.49,medium,low,5,namesilo,,,28/09/2026 09:04
2f052152-c515-44c6-8cb9-7df73a075577,subsidiaries.vodka,available,32.49,32.49,medium,low,12,namesilo,,,20/09/2026 06:35
1de5e89e-465a-4a4e-bb6b-7f19e8c3890c,biol.vodka,available,26.97,26.97,high,low,4,dynadot,,,29/09/2026 16:48
569653f4-1d4c-4ea7-b2e8-73373d3e3ee7,irascible.vodka,available,32.49,32.49,medium,low,9,namesilo,,,21/08/2026 14:18
75fca68a-99c7-4683-89be-5f2c3e700cea,simplicity.vodka,available,33.98,43.98,high,low,10,namecheap,,,29/09/2026 08:19
bb82b0eb-42a0-4954-b848-bcd24c73fa79,ginger.vodka,premium,854,29.5,high,low,6,namesilo,,,18/08/2026 23:51
c9ee156a-7748-41ed-9926-5e04d7bad6c4,kaufman.vodka,premium,52,52,high,low,7,namecheap,,,25/09/2026 22:56
edc40636-30ac-43ed-a506-ab315c8fece5,agnes.vodka,premium,47.2,29.5,high,low,5,namesilo,,,25/09/2026 14:30
86947a44-7026-4826-b7d3-811295db7971,knox.vodka,premium,,,high,low,4,,,,28/09/2026 06:06
43ea0fd5-9de9-4d40-9acc-1e2ba124f0e0,slowest.vodka,available,32.49,32.49,medium,low,7,namesilo,,,16/09/2026 02:44
6545455c-7faf-4683-9e05-5650d162b879,germs.vodka,available,32.49,32.49,low,low,5,namesilo,,,20/09/2026 10:09
74c9e7ea-976b-4cd8-b0c0-06d2b644cdf4,brady.vodka,premium,50,46.99,high,low,5,name.com,,,25/09/2026 02:15
5af47e53-b855-402d-8f65-5d45ef371712,autarky.vodka,available,32.49,32.49,medium,low,7,namesilo,,,21/09/2026 05:04
af076f14-522b-4a46-a89d-cbbc4716a987,arp.vodka,premium,52,32.5,high,low,3,namecheap,,,20/09/2026 08:35
3e6472d3-f510-4c03-bf52-3b428d676e1b,slugger.vodka,available,32.49,32.49,high,low,7,namesilo,,,22/09/2026 14:18
3d642b78-5e8c-47c2-bb6f-579fe140a1be,arable.vodka,available,32.49,32.49,medium,low,6,namesilo,,,06/08/2026 11:14
fcb2eb36-54ea-49c7-a123-dc7ded147428,terrorists.vodka,available,33.98,43.98,low,low,10,namecheap,,,27/09/2026 03:16
4e5eaaad-a1b8-40ab-9765-84e3029e8038,release.vodka,available,33.98,43.98,high,low,7,namecheap,,,24/09/2026 21:38
e28a432c-718a-46b1-bed2-3c94fb65350d,ankara.vodka,premium,47.2,29.5,high,low,6,namesilo,,,19/09/2026 07:05
554bb4a8-464f-452a-9e7a-2773e52fce92,cernuous.vodka,available,32.49,32.49,medium,low,8,namesilo,,,12/08/2026 00:44
53d08938-ffe0-407a-b2f6-0af925e1b76d,augury.vodka,available,32.49,32.49,medium,low,6,namesilo,,,21/09/2026 03:41
01b977e8-980f-40c0-9a88-5e24afb77b23,hydraulic.vodka,available,32.49,32.49,high,low,9,namesilo,,,21/08/2026 16:17
5f878ccb-3c29-44ee-94df-12a64af0c862,imperious.vodka,available,32.49,32.49,medium,low,9,namesilo,,,21/08/2026 01:26
b9da68a0-9ce7-40d0-a1c9-f9cc55d80d26,discreet.vodka,available,32.49,32.49,high,low,8,namesilo,,,12/08/2026 08:23
6a7d7a79-8d27-4013-95c1-98b9ba50e011,pictural.vodka,available,33.98,43.98,high,medium,8,namecheap,,,08/09/2026 19:31
71abe059-47c4-4e87-8b3f-abd0c2869d56,finitely.vodka,available,32.49,32.49,medium,low,8,namesilo,,,14/09/2026 18:35
06ec60c4-ff13-47a8-8881-7ef7c2165bc6,barnburner.vodka,available,32.49,32.49,medium,low,10,namesilo,,,22/09/2026 06:49
dd4dd59a-f582-4590-a1aa-a6171305c80c,dented.vodka,available,32.49,32.49,medium,low,6,namesilo,,,13/08/2026 09:08
ea4f8388-57c7-49c8-b713-7b3e8eba599b,spinning.vodka,available,46.99,46.99,high,low,8,name.com,,,27/09/2026 05:29
a7bdfb03-f266-4060-b568-5078a63d9d9e,slapdash.vodka,available,32.49,32.49,medium,low,8,namesilo,,,10/09/2026 09:57
820fb705-1cb7-4ab0-816d-aa0e1fb0d5fa,entertain.vodka,available,32.49,32.49,high,low,9,namesilo,,,28/09/2026 06:53
ad0cd0f3-2ab7-40bf-9298-98d873de3ac3,couch.vodka,available,46.99,46.99,high,low,5,name.com,,,24/09/2026 18:35
9bec36a5-07f8-4b7f-a366-66a3fefb6a2b,froze.vodka,available,32.49,32.49,medium,low,5,namesilo,,,
70c9475c-d0b8-4644-8309-d536ca9694cc,fastidious.vodka,available,32.49,32.49,medium,low,10,namesilo,,,17/08/2026 15:30
1dbbc909-a004-4cf8-8b05-c8c565f9af7e,bids.vodka,available,32.49,32.49,high,low,4,namesilo,,,29/09/2026 15:47
5cf2c763-2972-451d-a33b-53c6e1c7b3d7,title.vodka,available,32.49,32.49,high,low,5,namesilo,,,28/09/2026 09:03
814e6cf2-af34-410d-9732-457de89c3dca,repellant.vodka,available,32.49,32.49,medium,low,9,namesilo,,,14/08/2026 10:41
3a88f088-1da8-4496-ad63-6b3c43a37bbb,xxii.vodka,available,33.98,43.98,high,low,4,namecheap,,,21/09/2026 12:40
940bc7bb-8b86-4974-af3f-d33e436f5209,paige.vodka,premium,96,29.5,high,low,5,namesilo,,,27/09/2026 04:38
8385e322-da1a-42d5-bcc9-2ce5f0d15ea6,josh.vodka,premium,96,29.5,high,medium,4,namesilo,,,22/08/2026 13:51
e98fabc8-336b-4925-a29a-7ea816160768,manually.vodka,available,32.49,32.49,medium,low,8,namesilo,,,15/09/2026 13:27
6ca3064f-01d0-4fe9-84da-309c72d106a2,contrived.vodka,available,32.49,32.49,medium,low,9,namesilo,,,12/08/2026 23:42
22ecda95-957a-4081-84ca-42b0f30458b0,seepage.vodka,available,32.49,32.49,medium,low,7,namesilo,,,04/09/2026 15:38
e54a746d-5079-47b4-8818-3e0637eb4826,pendulous.vodka,available,32.49,32.49,medium,low,9,namesilo,,,12/08/2026 00:50
e2a25ccf-dc6e-40b6-917a-ebaa0599ad51,contiguity.vodka,available,32.49,32.49,medium,low,10,namesilo,,,17/09/2026 08:24
7dc61ea9-d002-41a4-bb12-b2edb34b086a,disjointed.vodka,available,32.49,32.49,medium,low,10,namesilo,,,14/08/2026 11:16
b7745f29-7c59-4d44-92ec-d9d8c85a83c4,trussed.vodka,available,32.49,32.49,medium,low,7,namesilo,,,11/09/2026 15:47
1cc45b58-83b9-4109-bd80-fc87c87cecf9,sasquatch.vodka,available,32.49,32.49,high,low,9,namesilo,,,23/09/2026 15:07
68b8e572-de64-4f44-af37-6388aa3eef09,destructive.vodka,available,43.98,,medium,low,11,namecheap,,,
9575204f-5fa6-41b9-bd3e-9fc4a1064bea,passable.vodka,premium,47.2,29.5,medium,low,8,namesilo,,,24/09/2026 16:16
a90c0596-02e8-4060-a752-a0719e6d6333,minuscule.vodka,premium,47.2,29.5,high,low,9,namesilo,,,25/09/2026 15:24
9f0f6acc-a825-4e56-9919-df6036508fc2,predator.vodka,available,32.49,32.49,high,low,8,namesilo,,,28/09/2026 14:50
f53e47aa-ed99-4cde-932c-52319cbec78d,hoyt.vodka,premium,,,medium,low,4,,,,28/09/2026 08:07
0412b314-8b04-4fda-a638-58593355ce6f,flourishing.vodka,available,43.98,,high,low,11,namecheap,,,
619a0a36-1b6f-4946-b6d7-2376d6eb4854,beamish.vodka,available,32.49,32.49,medium,low,7,namesilo,,,09/08/2026 04:08
420f8112-fd55-4189-a48d-ea88ae20eb8a,didactic.vodka,available,32.49,32.49,high,low,8,namesilo,,,14/08/2026 06:41
f41536f5-ad22-47e9-86e3-671aac84f84a,pochard.vodka,available,32.49,32.49,medium,low,7,namesilo,,,21/09/2026 10:48
021ee4ec-35c9-464d-8819-ea59a1b101e8,sassy.vodka,available,33.98,43.98,high,low,5,namecheap,,,04/09/2026 20:24
1fe224a2-404d-464f-ba79-9c9ec8cefd80,presentation.vodka,available,43.98,,high,low,12,namecheap,,,
f5f9723e-33c5-4be0-9929-07f3abb0aafc,unbent.vodka,available,32.49,32.49,medium,low,6,namesilo,,,12/09/2026 01:50
acedf485-9179-4db6-b97d-f72ce49a3f39,pansy.vodka,premium,47.2,29.5,high,low,5,namesilo,,,09/09/2026 08:07
3778e493-f106-41e8-a655-ed9a00986fa9,oblige.vodka,available,32.49,32.49,high,low,6,namesilo,,,03/09/2026 23:41
11d76434-168f-4118-a929-3e5b975d6e0c,greyish.vodka,available,33.98,43.98,medium,low,7,namecheap,,,20/08/2026 18:54
9f9fa1cf-45a6-4a70-914a-5d61db6d118e,selkirk.vodka,available,32.49,32.49,high,low,7,namesilo,,,18/09/2026 05:50
324baf17-a887-40c0-90f5-db65e3614c02,resistive.vodka,available,32.49,32.49,high,low,9,namesilo,,,09/09/2026 15:23
7d00e2cd-c221-47d3-a64f-79ae1a4a3890,premature.vodka,available,32.49,32.49,high,medium,9,namesilo,,,09/09/2026 01:39
148b2a34-635f-4901-b861-cbc328f578f0,trails.vodka,available,26.08,26.08,high,low,6,spaceship,,,29/09/2026 11:32
b0509c78-358d-4637-a9f2-bd17312adb1b,dea.vodka,available,26.08,26.08,high,low,3,spaceship,,,30/09/2026 01:16
4db6c3c7-5cce-44ad-a6a4-4ac6b4f81007,neatly.vodka,available,32.49,32.49,high,low,6,namesilo,,,15/09/2026 16:16
2c5880cb-5e63-4828-9f87-5228681e4815,autocracy.vodka,available,33.98,43.98,medium,low,9,namecheap,,,21/09/2026 06:08
6a26fa9a-795f-41c4-93a4-6218fc0d71c0,entertained.vodka,available,25.2,25.2,medium,low,11,cloudflare,,,29/09/2026 10:59
109fde04-30b2-4757-850f-896b97954344,cargo.vodka,available,32.49,32.49,high,low,5,namesilo,,,24/09/2026 12:56
b111978e-0858-46db-8328-77166443ca5a,containers.vodka,available,33.98,43.98,medium,low,10,namecheap,,,19/09/2026 01:32
4efe18d8-0c02-41d0-b09c-d9b3b2caa0ef,crowds.vodka,available,32.49,32.49,medium,low,6,namesilo,,,28/09/2026 17:41
8662852d-ad53-4f05-adee-03a2cf48ac4e,shakes.vodka,available,32.49,32.49,high,low,6,namesilo,,,29/09/2026 17:26
c4787e46-23c0-4adb-9e16-5f2d1ea4b755,unknown.vodka,available,32.49,32.49,high,low,7,namesilo,,,03/09/2026 12:55
fc34b65c-1b3d-412b-bc1e-3ef9a8344710,lasalle.vodka,premium,47.2,29.5,high,low,7,namesilo,,,28/09/2026 06:07
ce326b8b-9f0b-4130-9e8e-94ddcafee645,peasants.vodka,available,32.49,32.49,low,low,8,namesilo,,,28/09/2026 23:24
51a27c93-41f7-4c72-b005-94ca4a4d692e,awkward.vodka,available,32.49,32.49,high,low,7,namesilo,,,22/09/2026 15:31
739f8e7f-ceb1-43a1-9c4e-e3bf0e78e3c2,jingly.vodka,available,32.49,32.49,high,low,6,namesilo,,,22/08/2026 13:29
958a2707-e803-4489-a923-175d137c1cb1,waterfall.vodka,available,25.2,25.2,high,low,9,cloudflare,,,28/09/2026 20:46
4d0cf48e-b17c-4eb1-9242-a2a6586e5b11,psychical.vodka,available,32.49,32.49,medium,low,9,namesilo,,,09/09/2026 05:07
d22b3270-cb55-4ef4-878e-e92abfdb43d7,poor.vodka,premium,47.2,29.5,medium,low,4,namesilo,,,24/09/2026 23:28
499da49c-abb7-41df-beab-3783d633724a,landfill.vodka,available,32.49,32.49,high,low,8,namesilo,,,29/09/2026 07:27
00a1317a-f095-4114-9b26-f3a9b2f86a43,haskell.vodka,premium,,,high,low,7,,,,28/09/2026 03:46
d28b2121-6795-457b-b252-cf3c532d59c9,joan.vodka,premium,47.2,29.5,high,low,4,namesilo,,,25/09/2026 11:39
1d01ae43-6bf4-47b2-b653-186c8f3179cf,court.vodka,premium,828.2,26.08,high,low,5,spaceship,,,27/09/2026 16:05
271afab0-8ca5-4118-b4f8-1572deb1d01f,bris.vodka,available,33.98,43.98,high,low,4,namecheap,,,23/09/2026 09:28
b8c54371-f744-4376-9e7b-cb13d3c1a30b,bayou.vodka,available,33.98,43.98,high,low,5,namecheap,,,22/09/2026 18:09
4e95a135-e5a1-4417-bf3b-c6da9d2b1b24,mess.vodka,premium,96,29.5,high,low,4,namesilo,,,25/08/2026 00:30
143b0fa0-072c-4309-b96b-6116e3fe924c,asymmetry.vodka,available,33.98,43.98,high,low,9,namecheap,,,20/09/2026 18:39
6f017dab-303c-4ef1-937e-f1ee7c8cccc9,algebraic.vodka,available,32.49,32.49,high,low,9,namesilo,,,
1ff0de8f-c2e4-445e-b79b-5a6970ebdf3c,tyro.vodka,available,32.49,32.49,high,low,4,namesilo,,,23/09/2026 02:27
59e4b6d8-1cef-42d8-af06-37fc4a29bbd5,spellbound.vodka,available,32.49,32.49,high,low,10,namesilo,,,17/08/2026 22:54
1d9f7b60-cad6-4b70-bb9a-6e07c91241b5,touching.vodka,available,32.49,32.49,high,low,8,namesilo,,,
7c726fb4-7767-4e1b-bfe5-1b08507fa9d1,helicopter.vodka,available,32.49,32.49,high,low,10,namesilo,,,25/09/2026 05:19
00ec8ab8-d54c-4ed2-aa5f-0216301ea5aa,rigorously.vodka,available,32.49,32.49,medium,low,10,namesilo,,,15/09/2026 23:46
7843ddfb-1918-4a32-a38a-5de2ca25d8aa,thrice.vodka,available,32.49,32.49,medium,low,6,namesilo,,,16/09/2026 08:59
150238e7-e761-4a2e-870e-049d7e9ba33c,aztecan.vodka,available,32.49,32.49,high,low,7,namesilo,,,21/09/2026 11:37
a3024bc2-2f92-4fd6-b660-8a8073494e09,unalike.vodka,available,32.49,32.49,medium,low,7,namesilo,,,12/09/2026 00:26
74103048-da7b-4b77-81ec-c047df676693,vixenish.vodka,available,32.49,32.49,medium,low,8,namesilo,,,13/09/2026 06:24
a59b9ee7-6641-41db-850c-b2d5d6ec8d6b,ruffian.vodka,available,32.49,32.49,medium,low,7,namesilo,,,11/08/2026 08:41
c2b4ca4c-614e-4430-865d-e8fb6b0b90b4,pierced.vodka,available,32.49,32.49,high,low,7,namesilo,,,08/09/2026 16:50
701956fe-cccc-4d3f-9d6c-3a163a400289,cocktail.vodka,premium,512,29.5,high,low,8,namesilo,,,28/09/2026 07:31
62f5f204-ebfc-44fe-8093-2ed61094644f,oversight.vodka,available,32.49,32.49,high,low,9,namesilo,,,29/09/2026 23:43
e7fdebbc-d7fc-4950-beea-39b603e0f2e7,bannock.vodka,available,33.98,43.98,medium,low,7,namecheap,,,22/09/2026 02:55
693e50de-f0b6-47ce-bb28-d988bca1ce38,agronomy.vodka,available,32.49,32.49,medium,low,8,namesilo,,,17/09/2026 19:42
32953c80-c46b-4633-b34c-a8493a4be439,selections.vodka,available,32.49,32.49,medium,low,10,namesilo,,,20/09/2026 10:53
1b4b0508-ff77-4a0c-802a-a85e9edefbc5,caroline.vodka,premium,100,46.99,high,low,8,name.com,,,11/08/2026 19:29
c12805d1-264e-47a2-b3ec-436bd9ea463e,televised.vodka,available,32.49,32.49,high,low,9,namesilo,,,21/09/2026 05:39
73fb2483-9d90-417c-a73c-5a5bd95163ef,bonding.vodka,available,25.2,25.2,high,low,7,cloudflare,,,28/09/2026 09:11
c9af2089-100e-4722-b202-be0a596b1e8d,study.vodka,available,26.97,26.97,high,low,5,dynadot,,,29/09/2026 04:59
29d02b2a-40ce-4d60-b6b6-6e90ca2c89b2,barytes.vodka,available,32.49,32.49,medium,low,7,namesilo,,,22/09/2026 06:13
f95c937d-807c-47e9-bd14-7548cf70dd74,proper.vodka,available,33.98,43.98,high,low,6,namecheap,,,27/09/2026 07:40
94b2ad77-c428-4460-8fa0-9083bf987322,extension.vodka,available,26.08,26.08,high,low,9,spaceship,,,28/09/2026 21:27
13f51f96-0d6b-4750-98e0-f5e845b9dd8d,predatory.vodka,available,32.49,32.49,medium,low,9,namesilo,,,24/08/2026 15:43
ad832196-5312-49cd-a66f-86eb7e39a1b5,chip.vodka,premium,47.2,29.5,high,low,4,namesilo,,,24/09/2026 01:56
ff1f0127-fe49-4ccb-b053-0c79729e0852,flowery.vodka,available,32.49,32.49,high,low,7,namesilo,,,18/08/2026 09:09
d518dab9-0661-4b54-a886-26a190e9f9ab,refer.vodka,available,32.49,32.49,high,low,5,namesilo,,,24/09/2026 15:03
7fddca70-4064-4fc7-81fe-f1ff75adac23,baguette.vodka,available,26.97,26.97,high,low,8,dynadot,,,29/09/2026 00:33
ebefdf36-fc54-4899-8144-945578f41284,breathtaking.vodka,available,32.49,32.49,high,low,12,namesilo,,,
e4535ecd-7277-4b5f-b919-4090ca2b37dc,ageism.vodka,available,32.49,32.49,high,low,6,namesilo,,,17/09/2026 16:54
61253e65-b0a0-463c-8863-16b9c421d26a,surfing.vodka,premium,44.19,27.82,high,low,7,porkbun,,,29/09/2026 02:15
cee8da9e-75ec-4a05-a4a4-f6c7ba369e11,appall.vodka,available,46.99,46.99,medium,low,6,name.com,,,18/09/2026 01:55
e61d211c-6102-46e4-a6b8-1fc99af7388f,sullen.vodka,available,32.49,32.49,medium,low,6,namesilo,,,20/08/2026 15:06
2be96d32-cb73-4fc4-923f-a1c5457e0711,aga.vodka,premium,47.2,29.5,high,low,3,namesilo,,,17/09/2026 15:58
577629a7-209f-402a-84d2-239688fa0647,samples.vodka,available,33.98,43.98,high,low,7,namecheap,,,20/09/2026 18:39
be200868-0a2c-4c54-8390-be463c30ec45,structurally.vodka,available,33.98,43.98,medium,low,12,namecheap,,,17/09/2026 20:10
9bfa37e4-9be5-4982-a8e4-29e5fe2456ae,plated.vodka,available,32.49,32.49,high,low,6,namesilo,,,17/09/2026 05:15
9c79b468-829c-4db8-83ab-23956a43554d,unclaimed.vodka,available,32.49,32.49,medium,low,9,namesilo,,,12/09/2026 05:13
3725c3ed-39db-429d-8e20-bbff841a7077,dateless.vodka,available,46.99,46.99,medium,low,8,name.com,,,13/08/2026 18:42
12469979-929d-43f1-84ec-0293644419dd,soggy.vodka,available,32.49,32.49,high,low,5,namesilo,,,10/08/2026 17:14
174b9624-7aef-4821-9acf-03cedc8c0b0b,ionian.vodka,available,32.49,32.49,high,low,6,namesilo,,,22/08/2026 09:28
859bb7b7-54f5-4fdd-ad81-b78ec4529e19,attendance.vodka,available,32.49,32.49,high,low,10,namesilo,,,21/09/2026 01:23
7500f6ef-1e43-4ba2-a390-3eb2273b0009,eec.vodka,available,32.49,32.49,high,low,3,namesilo,,,29/09/2026 00:28
6e3e671e-5dbb-4196-a0c5-27667347fef2,shuttle.vodka,available,26.08,26.08,high,low,7,spaceship,,,27/09/2026 15:53
552b5367-8dec-4068-88b8-f26bc8f5d092,briefly.vodka,available,32.49,32.49,high,low,7,namesilo,,,28/09/2026 13:31
c1c5be83-3028-413e-9721-ec8aa18228ec,goods.vodka,available,43.98,,high,low,5,namecheap,,,
74cfa126-8cd7-45bc-ad5d-e98265201623,diane.vodka,premium,104,32.5,high,low,5,namecheap,,,25/09/2026 19:09
949f81bf-9b95-40f4-bce8-a4c5d1d884e0,meant.vodka,available,32.49,32.49,medium,low,5,namesilo,,,25/09/2026 16:51
2b4439b2-cefe-44f4-b27f-876b84def2a3,tarsal.vodka,available,32.49,32.49,medium,low,6,namesilo,,,11/09/2026 08:42
50cab3c7-2616-4d53-bbe8-752f2c8d1384,detect.vodka,available,26.08,26.08,high,low,6,spaceship,,,28/09/2026 06:30
05951b2e-87b7-4dd7-ad8b-01220b729313,bethel.vodka,premium,47.2,29.5,medium,low,6,namesilo,,,23/09/2026 11:13
86e88028-5495-427c-8c24-cf6dc87bfd3a,countless.vodka,available,32.49,32.49,high,low,9,namesilo,,,24/09/2026 00:28
0aaada0c-243d-48a4-9479-61b7417151f3,scarf.vodka,available,33.98,43.98,high,low,5,namecheap,,,28/09/2026 20:23
e47b254c-88cf-4d62-930a-30ce92f24b7b,cactus.vodka,premium,47.2,29.5,high,low,6,namesilo,,,24/09/2026 11:36
d1d34654-7dc3-44e8-85f8-8357af9819cf,barrio.vodka,available,32.49,32.49,medium,low,6,namesilo,,,22/09/2026 08:38
90f31803-f99c-4486-98ef-942622450ffb,manifestation.vodka,available,32.49,32.49,high,low,13,namesilo,,,29/09/2026 22:53
57e3e462-381f-40e1-9d18-52610c4361e5,thermometer.vodka,available,32.49,32.49,high,low,11,namesilo,,,30/09/2026 03:20
65dee061-c9cd-4522-add2-700259d60f70,corporate.vodka,available,32.49,32.49,high,low,9,namesilo,,,28/09/2026 04:27
8ea3e7be-3c1f-4743-9429-42914ceb79d3,arresting.vodka,available,32.49,32.49,high,low,9,namesilo,,,06/08/2026 21:47
4378e0bf-f913-4200-a263-2e85d1a62efc,copper.vodka,available,32.49,32.49,high,low,6,namesilo,,,20/09/2026 22:44
65d1893d-46d5-4717-958d-d608d5adc687,designate.vodka,available,32.49,32.49,high,low,9,namesilo,,,14/08/2026 03:42
1173f6cf-02d5-428b-8ac9-0537226da98e,carrie.vodka,premium,47.2,29.5,high,low,6,namesilo,,,
23a6b630-1a1d-4146-80b2-ca4c876fcc74,awestruck.vodka,available,32.49,32.49,high,low,9,namesilo,,,08/08/2026 01:00
5475b5fc-151a-4b20-9f3b-4e31cc7f286f,remark.vodka,available,32.49,32.49,high,low,6,namesilo,,,28/09/2026 09:26
44bac684-c0fb-4911-a210-dd93d0513bf5,auroral.vodka,available,32.49,32.49,high,low,7,namesilo,,,22/09/2026 13:08
8216bfc2-e5c6-481e-8f34-fa977f9390ee,induce.vodka,available,32.49,32.49,high,low,6,namesilo,,,
974ecda3-1c26-438a-a59e-0a94c9879b03,mazy.vodka,available,32.49,32.49,medium,low,4,namesilo,,,22/08/2026 17:42
dfab4ae7-133d-4e81-b9a5-c650de510c97,feculent.vodka,available,32.49,32.49,low,low,8,namesilo,,,18/08/2026 00:32
162bd4d5-e7fe-44df-8b34-c36dc2d4cde7,asanga.vodka,available,32.49,32.49,medium,low,6,namesilo,,,20/09/2026 12:49
16d3d09f-33aa-496d-b601-6a5e63a75214,bezzant.vodka,premium,47.2,29.5,medium,low,7,namesilo,,,23/09/2026 12:17
5b78beb7-3ab7-4f0e-9ebc-856d15d1340a,amnio.vodka,available,32.49,32.49,medium,low,5,namesilo,,,18/09/2026 22:23
17c0e666-453d-43e1-9598-b88a213334d8,stadia.vodka,available,32.49,32.49,high,low,6,namesilo,,,17/09/2026 09:03
1368db0a-bfa2-413b-8227-753ad5ed8a0e,blog.vodka,premium,5200,32.5,high,medium,4,namecheap,,,29/09/2026 17:59
f5dd6451-71e4-4dff-b508-ced8042bb443,adamant.vodka,available,32.49,32.49,high,low,7,namesilo,,,
3b194c54-04b8-4b15-9e3e-9ff6ccde5073,sneaker.vodka,available,32.49,32.49,high,low,7,namesilo,,,11/08/2026 16:16
f860a703-7289-4516-8518-9845d7fbf1ed,sul.vodka,available,33.98,43.98,high,low,3,namecheap,,,27/09/2026 10:19
8a12b31d-4a0b-44e1-b326-e4351d36063e,relatively.vodka,available,26.08,26.08,medium,low,10,spaceship,,,28/09/2026 14:14
0e011192-eee5-4596-b26c-108347fe52c4,catalogue.vodka,available,32.49,32.49,high,low,9,namesilo,,,24/09/2026 13:08
ccbf2351-7c7f-4c7f-866c-e3bee57013a7,oceans.vodka,available,32.49,32.49,high,low,6,namesilo,,,18/09/2026 06:58
10c163a9-8b20-4374-bc8b-9865c891dc98,islamic.vodka,available,32.49,32.49,high,low,7,namesilo,,,22/08/2026 10:50
8c5ccbaf-76fe-4f9d-9232-67b919602c70,snipefish.vodka,available,32.49,32.49,medium,low,9,namesilo,,,23/09/2026 06:28
0db5aff4-cf54-431b-839a-ba543dc045b6,abdallah.vodka,available,26.26,26.26,medium,low,8,porkbun,,,29/09/2026 21:48
bd18a9a9-6bfc-40a4-9bdd-2de05cbbb914,ancestral.vodka,available,32.49,32.49,high,low,9,namesilo,,,
589226ef-303c-4531-98e4-3e25251bbf5d,amines.vodka,available,32.49,32.49,medium,low,6,namesilo,,,29/09/2026 11:37
1ab77431-9c34-4655-91cd-50e658b6a79c,ourselves.vodka,available,32.49,32.49,medium,low,9,namesilo,,,27/09/2026 08:55
340b84bf-6f7e-4d79-ab51-d3409ec571b6,terrifying.vodka,available,49.99,49.99,medium,low,10,godaddy,,,28/09/2026 02:19
0862dd44-6092-4ce4-9d31-135c953d1615,represented.vodka,available,32.49,32.49,high,low,11,namesilo,,,
92a1f2ad-38dc-4c50-8164-74c2b87021bc,oversized.vodka,available,32.49,32.49,high,low,9,namesilo,,,04/09/2026 19:45
79747d03-1e6e-44d2-86af-e6d9ff2b28d9,checkbook.vodka,available,46.99,46.99,high,low,9,name.com,,,24/09/2026 13:57
c943dba2-37a8-42f6-825f-221b92252962,bang.vodka,premium,47.2,29.5,high,low,4,namesilo,,,28/09/2026 13:18
6ce44864-0009-41ff-852d-b312afacb955,kroeber.vodka,available,32.49,32.49,medium,low,7,namesilo,,,18/09/2026 06:35
7fd7aedd-ad58-42ff-a2a7-040f08241708,inexpensive.vodka,available,32.49,32.49,high,low,11,namesilo,,,
f9f83365-4cf0-49b5-862f-d770f2c0e995,crone.vodka,available,32.49,32.49,high,low,5,namesilo,,,23/09/2026 04:47
20799c5f-1eff-40b5-b78c-fe3499ef78ce,smallish.vodka,available,32.49,32.49,medium,low,8,namesilo,,,10/09/2026 11:46
93f4054b-62b0-4446-868b-9a87a8c54074,granted.vodka,available,32.49,32.49,high,low,7,namesilo,,,24/09/2026 22:19
3f26670c-cf8b-45da-8ea5-9f601fc14d5e,resole.vodka,available,32.49,32.49,medium,low,6,namesilo,,,10/09/2026 13:33
d5ef1a99-a74c-41e7-9766-00f1f12fe29c,moreno.vodka,premium,47.2,29.5,high,low,6,namesilo,,,27/09/2026 10:16
bcdfeaaa-04f4-428d-a8e3-58528feca734,hirschfeld.vodka,available,32.49,32.49,medium,low,10,namesilo,,,18/09/2026 01:20
e2d78f86-fd85-45c9-a8f4-bf3a82883c91,consumable.vodka,available,32.49,32.49,high,low,10,namesilo,,,12/08/2026 23:04
0b2ae400-4f39-4acc-8c1c-fbe2a2139c28,bennington.vodka,available,32.49,32.49,high,low,10,namesilo,,,23/09/2026 08:33
6be88975-6ea1-4bec-ac53-74ab6ad956ab,satisfactory.vodka,available,32.49,32.49,high,low,12,namesilo,,,
a7a66328-9316-452e-b381-2665d869c4b4,courtesy.vodka,available,33.98,43.98,high,low,8,namecheap,,,24/09/2026 18:48
9b0cef4a-ed0a-4306-8442-8ff9daf32f43,regular.vodka,available,32.49,32.49,high,low,7,namesilo,,,27/09/2026 11:38
d1c8c077-3b68-4dfe-8393-4ab5289414db,shasta.vodka,premium,44.19,27.82,medium,low,6,porkbun,,,28/09/2026 14:55
ed951c20-d321-4ee2-9c52-90d1083f4030,czech.vodka,premium,250,46.99,high,low,5,name.com,,,13/08/2026 15:01
0d4ef3ac-3188-437d-9022-092525062a14,lunchtime.vodka,available,32.49,32.49,high,low,10,namesilo,,,
79154865-42a0-411d-b076-dcdc782cf2c1,rifle.vodka,available,33.98,43.98,high,low,5,namecheap,,,27/09/2026 04:01
f74a86cd-55f2-4b36-9076-a8e9c6385278,resolute.vodka,available,32.49,32.49,high,low,8,namesilo,,,27/09/2026 12:14
cf8e4985-bd5a-4538-a687-5f4d07bbb8af,arava.vodka,available,32.49,32.49,medium,low,5,namesilo,,,20/09/2026 00:28
86c4c728-9619-4302-84dd-90c3d2518851,waco.vodka,premium,41.6,26.08,high,low,4,spaceship,,,28/09/2026 06:51
424b7318-a46e-4de3-bf51-f7e3af6e12a0,aegir.vodka,available,32.49,32.49,medium,low,5,namesilo,,,14/08/2026 22:18
02944781-a0d4-47e0-931c-5a525b231d83,rihanna.vodka,available,32.49,32.49,high,low,7,namesilo,,,
8b2fcde9-6987-49c5-adff-bf61fb56d042,mismatched.vodka,available,32.49,32.49,medium,low,10,namesilo,,,25/08/2026 01:36
8c361593-fcce-4f0f-8606-e94a469dcb14,bianca.vodka,premium,47.2,29.5,medium,low,6,namesilo,,,28/09/2026 17:40
f1e47d6d-e49f-4819-9d95-31fa05cfb466,exec.vodka,available,26.97,26.97,high,low,4,dynadot,,,29/09/2026 18:26
59be3b03-2276-4409-ba16-620111ae4ca6,acquisition.vodka,available,32.49,32.49,high,low,11,namesilo,,,28/09/2026 05:29
f0f51be7-b909-4744-8086-e03f8537524f,betting.vodka,premium,100,46.99,high,low,7,name.com,,,09/08/2026 18:14
02df302d-c33a-4185-8785-fd61300804c7,brighter.vodka,available,26.08,26.08,high,low,8,spaceship,,,29/09/2026 10:57
a4ec2b44-ad55-4bb2-8e75-e178a14e4d78,allowance.vodka,available,26.08,26.08,high,low,9,spaceship,,,28/09/2026 20:37
3006b2ff-9de7-4ffd-bdcb-5f1293cb0940,hearty.vodka,available,32.49,32.49,high,low,6,namesilo,,,21/08/2026 02:13
11ee130c-7483-4075-a2fe-23cb39cbe4b5,unbelievable.vodka,available,32.49,32.49,high,low,12,namesilo,,,28/09/2026 07:08
cff73c88-bccb-47ff-b6fe-ce499446cdfe,darrell.vodka,premium,47.2,29.5,low,low,7,namesilo,,,28/09/2026 13:15
224aaf3e-fe87-4424-8206-3580a883d9a2,adnate.vodka,available,32.49,32.49,medium,low,6,namesilo,,,
e6336147-3c85-44e7-aff9-f16f8d4189a1,apis.vodka,available,32.49,32.49,high,medium,4,namesilo,,,19/09/2026 17:28
641829aa-7ea4-4918-8de0-0d545e38e999,lloyd.vodka,premium,47.2,29.5,high,low,5,namesilo,,,25/09/2026 06:57
c98f5bc3-ee64-4985-bd46-79089654cf65,receiving.vodka,available,26.08,26.08,high,low,9,spaceship,,,27/09/2026 17:11
4fc5123d-1af6-42f5-ba23-121a5cbc3869,neck.vodka,available,32.49,32.49,high,low,4,namesilo,,,29/09/2026 07:49
6b89d020-dc24-4a1a-a219-35b339255391,harvest.vodka,available,32.49,32.49,high,low,7,namesilo,,,24/09/2026 19:41
efec75b7-e2b8-404f-a8b4-b752eafa6022,improvement.vodka,available,33.98,43.98,high,low,11,namecheap,,,28/09/2026 16:57
0f4650fc-797e-41f5-8bb5-03483e712cb0,agnathan.vodka,available,33.98,43.98,medium,low,8,namecheap,,,17/09/2026 18:33
bcb719fe-4b61-44cc-9dac-ca6804b71817,lipitor.vodka,available,32.49,32.49,high,low,7,namesilo,,,21/09/2026 00:35
ada66ebd-2439-4c36-852b-856b4f0fa34a,soto.vodka,premium,47.2,29.5,high,low,4,namesilo,,,27/09/2026 07:28
5a5a584b-00e0-4fc7-9852-60b440e89481,himalayan.vodka,available,32.49,32.49,high,low,9,namesilo,,,21/08/2026 09:25
256dbe04-f4ac-48ba-984c-212c78e11b67,bellbottom.vodka,available,32.49,32.49,low,low,10,namesilo,,,09/08/2026 13:21
15179ec5-e250-4f0c-890f-8117458f2d79,warrants.vodka,available,26.97,26.97,medium,low,8,dynadot,,,29/09/2026 11:17
128fcd66-9996-440c-90a3-863d93565aa1,carefully.vodka,available,25.2,25.2,medium,low,9,cloudflare,,,28/09/2026 13:46
7cfe6a1f-6da0-48c8-9308-c391607a34eb,monrovia.vodka,available,26.97,26.97,high,low,8,dynadot,,,30/09/2026 00:57
17f3aab9-cd51-4d60-9edf-a7bd91de0e87,meeter.vodka,available,32.49,32.49,high,low,6,namesilo,,,21/09/2026 01:27
4eec8572-5476-4060-b67d-7acb1c8943c6,forks.vodka,premium,52,32.5,medium,low,5,namecheap,,,29/09/2026 05:49
746ff082-e292-444f-bee9-c6a703d4a6d6,slicker.vodka,available,32.49,32.49,medium,low,7,namesilo,,,23/09/2026 02:58
a8218c43-fc32-4fa9-a51d-dc2583b8bf83,alkahest.vodka,available,32.49,32.49,medium,low,8,namesilo,,,18/09/2026 03:42
4fc96339-b82e-4ded-9388-fdad9ad13b5b,adaption.vodka,available,32.49,32.49,medium,low,8,namesilo,,,17/09/2026 06:32
6f32409b-1e91-4bec-9c8f-dbd6e9e20fc4,logan.vodka,premium,96,29.5,high,low,5,namesilo,,,25/09/2026 09:03
3b4f379d-f169-47fa-a483-3527adcd4dfe,admiralty.vodka,available,32.49,32.49,medium,low,9,namesilo,,,17/09/2026 08:53
b7016d0c-2510-4039-b898-b7a3413c4650,oaten.vodka,available,32.49,32.49,medium,low,5,namesilo,,,03/09/2026 23:28
0b12a7bd-c8d5-4a74-b63e-55e48288dfb8,mellow.vodka,available,33.98,43.98,high,low,6,namecheap,,,22/08/2026 18:52
d950659c-0008-4a5d-9fc1-31b29570d1da,arc.vodka,premium,47.2,29.5,high,medium,3,namesilo,,,06/08/2026 15:03
505a5038-8d87-4c44-b992-1c1f5bb6d119,cream.vodka,premium,2660,29.5,high,low,5,namesilo,,,28/09/2026 04:30
ab1d87f6-751e-4eb2-9836-de9d37756dea,marian.vodka,premium,47.2,29.5,high,low,6,namesilo,,,24/08/2026 15:53
3d76f128-0d9a-43af-a5b4-ef54800bd024,medicinal.vodka,premium,50,46.99,high,low,9,name.com,,,24/08/2026 19:01
ceab5a56-8285-481f-8512-1c21bbf3dc12,safari.vodka,available,26.08,26.08,high,low,6,spaceship,,,29/09/2026 07:19
9b2bdfee-aeb4-4b10-80a2-3e331248e053,already.vodka,available,26.08,26.08,high,low,7,spaceship,,,28/09/2026 11:57
fa010cce-591e-451f-ab62-d297f4833f3e,departed.vodka,available,32.49,32.49,medium,low,8,namesilo,,,07/08/2026 11:31
e122655f-70fa-4909-9008-6bf08e1e7a3e,evaporate.vodka,available,32.49,32.49,high,low,9,namesilo,,,
ffb6cf06-8c3c-422d-8f0d-4dbf2017ddf7,minimal.vodka,available,32.49,32.49,high,low,7,namesilo,,,29/09/2026 06:06
68ccd2ff-c0bc-4a3e-8ef1-9e5e9eac6526,hamburger.vodka,available,26.97,26.97,high,low,9,dynadot,,,29/09/2026 01:50
77dc83ee-d21a-4842-9fa7-4c24944fc03e,soaked.vodka,available,32.49,32.49,medium,low,6,namesilo,,,09/08/2026 15:52
5bc8d1e0-c130-40d8-bb77-1bcb3ef1da5d,you.vodka,premium,500,,high,medium,3,name.com,,,
9abd3b85-f27a-48fa-868a-1193e00ec595,cancellous.vodka,available,32.49,32.49,medium,low,10,namesilo,,,11/08/2026 16:31
235d5048-d5c3-431b-94bb-be1a3dc3e9b6,ferries.vodka,available,32.49,32.49,medium,low,7,namesilo,,,20/09/2026 07:40
71fe9538-2e80-40ef-bf0c-5fb621de09a4,afternoon.vodka,available,26.08,26.08,high,low,9,spaceship,,,28/09/2026 19:25
617b8555-df01-4b26-88be-3a4fb9e37861,impeccably.vodka,available,32.49,32.49,medium,low,10,namesilo,,,15/09/2026 02:11
a5f39366-cf11-41de-85b1-3e84cd68a423,nsa.vodka,premium,47.2,29.5,high,low,3,namesilo,,,27/09/2026 04:50
93d95bd8-e898-4eba-ad61-faea9f076853,swart.vodka,available,32.49,32.49,medium,low,5,namesilo,,,11/09/2026 05:22
2ba4a617-ec09-4f3a-9a1c-106ce06088e9,childcare.vodka,available,32.49,32.49,high,low,10,namesilo,,,24/09/2026 14:36
5d0a9c1a-0fae-4534-a511-0cfc9c3f37d8,concentric.vodka,available,33.98,43.98,high,low,10,namecheap,,,12/08/2026 19:57
7f7874c9-969e-462e-a0c5-4161964798c8,sceptical.vodka,available,32.49,32.49,medium,low,9,namesilo,,,14/08/2026 09:36
625d5d10-0720-428c-bd11-6f78db3e098e,auditorium.vodka,available,32.49,32.49,high,low,10,namesilo,,,21/09/2026 03:13
e39a6017-a0fb-4be7-9770-4670495e08c5,tomlinson.vodka,available,26.08,26.08,medium,low,9,spaceship,,,28/09/2026 12:15
535b64ea-0361-4f29-a373-88be06357121,normandy.vodka,premium,47.2,29.5,high,low,8,namesilo,,,
b70d36f8-7b54-4032-b913-817ecd102c83,wiggins.vodka,premium,52,32.5,high,low,7,namecheap,,,28/09/2026 16:37
111697da-6368-4e66-890e-0581e9fd2594,satisfy.vodka,available,32.49,32.49,high,low,7,namesilo,,,
842b91ab-99af-4848-91c0-d9f1ede9346d,ias.vodka,available,25.2,25.2,high,low,3,cloudflare,,,29/09/2026 21:40
2db209e6-d205-49b2-95de-0a6d7e89d9cd,fatalist.vodka,available,32.49,32.49,medium,low,8,namesilo,,,17/08/2026 23:29
1c4baa50-0c5f-4600-8236-d557ea103103,impersonal.vodka,available,32.49,32.49,medium,low,10,namesilo,,,21/08/2026 22:13
daff86b9-35c4-46aa-ba15-4495021ece6d,mysteriously.vodka,available,26.08,26.08,medium,low,12,spaceship,,,30/09/2026 04:03
7d4e5802-4497-4406-80b3-d0cc24d34c79,asexually.vodka,available,32.49,32.49,medium,low,9,namesilo,,,13/09/2026 22:03
555abcfd-7503-4b3e-b3e5-d8d333b88260,aphorist.vodka,available,32.49,32.49,medium,low,8,namesilo,,,19/09/2026 17:11
ef82ee31-032a-40b6-a3eb-e72ab7b219d4,apostate.vodka,available,32.49,32.49,medium,low,8,namesilo,,,06/08/2026 03:35
5464f464-57c3-40f7-971d-da1625e49974,statistically.vodka,available,32.49,32.49,low,low,13,namesilo,,,29/09/2026 10:41
33a2d7d7-defe-446a-88a1-50d8d07b90ec,disgrace.vodka,available,32.49,32.49,high,low,8,namesilo,,,29/09/2026 15:44
5e670dc6-e018-4994-8abb-14a50d57e0a1,showcase.vodka,available,26.08,26.08,high,low,8,spaceship,,,29/09/2026 16:09
edd89c75-899b-44d0-99f1-9cd6b002fae8,wandered.vodka,available,33.98,43.98,medium,low,8,namecheap,,,18/09/2026 02:36
2fba34f2-88a9-4e89-bd2a-bc02b16a2e1a,amalgamate.vodka,available,32.49,32.49,high,low,10,namesilo,,,22/09/2026 03:01
43880ca1-a7cb-46bb-9851-3c81a6f8776b,cartesian.vodka,available,32.49,32.49,high,low,9,namesilo,,,11/08/2026 19:49
20f2e3c3-cb68-409f-a011-33649e9744e2,sift.vodka,available,32.49,32.49,high,low,4,namesilo,,,
76525e5f-15ae-4fb9-b3ce-daf29872e460,whites.vodka,available,32.49,32.49,high,low,6,namesilo,,,28/09/2026 16:57
459b0a32-ec52-4fb3-a63b-35a9e015b1ef,blocking.vodka,available,32.49,32.49,high,low,8,namesilo,,,28/09/2026 00:53
feb79f43-f7c5-4f87-882c-a8865b0a6840,football.vodka,available,32.49,32.49,high,medium,8,namesilo,,,29/09/2026 19:44
f392bb5d-b653-4510-aeff-6cb7cb7c093a,fla.vodka,available,32.49,32.49,high,low,3,namesilo,,,
b0ccda8f-5673-4026-bcda-63b9b14cff94,federation.vodka,available,32.49,32.49,high,low,10,namesilo,,,28/09/2026 09:44
fe0c59f5-8c53-45af-8a1f-3ca988f833d6,demolished.vodka,available,32.49,32.49,medium,low,10,namesilo,,,14/08/2026 01:21
ab35f77e-4618-453a-b980-baf5b17fb87f,brabant.vodka,available,26.08,26.08,high,low,7,spaceship,,,29/09/2026 08:28
57922eb9-be38-4d7d-8b54-f8a24742ee7e,creditable.vodka,available,32.49,32.49,high,low,10,namesilo,,,13/08/2026 05:54
ebd36929-8bf7-4b45-a6f2-fba1245b20e8,therapeutic.vodka,available,26.08,26.08,high,low,11,spaceship,,,29/09/2026 14:26
4f5d1e5f-9f40-4b61-afbc-1201608ed2b2,personality.vodka,available,33.98,43.98,high,low,11,namecheap,,,25/09/2026 16:45
1f184dd4-860c-41f2-9f6f-5bcc997bf7e3,dustbin.vodka,available,32.49,32.49,high,low,7,namesilo,,,20/09/2026 13:42
819bf57e-2046-4998-ac7f-65191da68b34,dependant.vodka,available,32.49,32.49,medium,low,9,namesilo,,,14/08/2026 02:08
c6cd4e74-5211-4978-af80-9d138b56ade7,though.vodka,available,32.49,32.49,medium,low,6,namesilo,,,16/09/2026 08:58
6117478b-e1e4-4e48-beca-14448d28923b,broiled.vodka,available,32.49,32.49,medium,low,7,namesilo,,,11/08/2026 05:19
ef5b9426-a623-4acb-9c9d-f032c29cb8b5,peddling.vodka,available,32.49,32.49,medium,low,8,namesilo,,,30/09/2026 02:33
f055f14c-4af0-49cf-bc55-d87493d7dfcd,discounter.vodka,available,33.98,43.98,high,low,10,namecheap,,,28/09/2026 02:50
d552c951-5d15-422f-985b-13cafad86167,tangled.vodka,available,32.49,32.49,high,low,7,namesilo,,,11/09/2026 07:59
714a6771-1593-4643-8606-2f4d2f67df77,defile.vodka,available,32.49,32.49,medium,low,6,namesilo,,,24/08/2026 12:53
5311595e-14de-4a19-9f91-1c1b6b86437e,ecstasy.vodka,available,32.49,32.49,high,low,7,namesilo,,,29/09/2026 12:00
29fb80ca-85e1-41ba-8bd4-502ec58fd21b,whir.vodka,available,32.49,32.49,medium,low,4,namesilo,,,13/09/2026 11:30
21873fb8-90b7-461c-b5a1-0b795829f069,splitting.vodka,available,32.49,32.49,high,low,9,namesilo,,,09/09/2026 14:01
97e928ae-d1e7-4125-b6be-1bff4e74a856,yuan.vodka,available,32.49,32.49,high,low,4,namesilo,,,29/09/2026 07:27
cc7150c0-24d9-4064-9a37-d974a70ba481,hoist.vodka,available,26.08,26.08,high,low,5,spaceship,,,30/09/2026 01:53
047f5573-c686-456f-977e-361c9a3f211a,telephone.vodka,available,32.49,32.49,high,low,9,namesilo,,,26/09/2026 00:02
caec23b1-48e3-410c-bbfb-64db8a26c2fe,apron.vodka,available,32.49,32.49,high,low,5,namesilo,,,19/09/2026 22:32
fceb0b3c-b4ca-45e6-8150-cac2a38ad5f6,uneasy.vodka,available,33.98,43.98,medium,low,6,namecheap,,,21/08/2026 19:45
3ddbc07c-f568-482e-a525-908bd81b923e,estuaries.vodka,available,26.08,26.08,low,low,9,spaceship,,,28/09/2026 12:58
c455e2b6-8bdd-4727-8293-2dac16e32e71,mckay.vodka,premium,47.2,29.5,high,low,5,namesilo,,,25/09/2026 16:25
32f03f59-4e85-4531-b14c-5618e1091e27,weepy.vodka,available,32.49,32.49,medium,low,5,namesilo,,,13/09/2026 10:06
f6c18123-004b-4f41-a4f3-98b9abd4b4ca,specifics.vodka,available,26.08,26.08,medium,low,9,spaceship,,,29/09/2026 17:04
020567f6-3ba5-4d75-9218-4992b4ddbc10,mahmud.vodka,available,32.49,32.49,medium,low,6,namesilo,,,28/09/2026 22:18
18170043-3fda-46c6-a9e0-905b05eb31e1,gains.vodka,available,33.98,43.98,medium,low,5,namecheap,,,18/09/2026 18:50
5a03420a-be31-425d-a489-971b2d86fc6c,dromedary.vodka,available,32.49,32.49,medium,low,9,namesilo,,,19/09/2026 23:32
16f90ce3-bffa-48ad-8912-c60f2285e6ba,pigheaded.vodka,available,32.49,32.49,medium,low,9,namesilo,,,11/08/2026 08:32
53c86072-830e-4240-b1cb-0432aec31359,jamaican.vodka,premium,96,29.5,high,low,8,namesilo,,,22/08/2026 12:11
5311091b-a247-4085-91ee-6a72259dfdca,robed.vodka,available,32.49,32.49,medium,low,5,namesilo,,,06/08/2026 05:03
ed589c70-b281-4ac8-95c6-8d7534349608,unsent.vodka,available,33.98,43.98,medium,low,6,namecheap,,,12/09/2026 19:18
40a2d0ec-b624-4889-90ea-99591a2f5391,archeology.vodka,available,33.98,43.98,medium,low,10,namecheap,,,20/09/2026 01:43
1980023c-c31a-43ee-a881-20a18b286ac6,innately.vodka,available,32.49,32.49,medium,low,8,namesilo,,,15/09/2026 08:27
292547dd-e5ff-4f08-8bc9-3269848786b5,xiao.vodka,available,32.49,32.49,medium,low,4,namesilo,,,28/09/2026 16:02
bee4c7c2-a8d0-4f4e-94e2-def838970663,reigning.vodka,available,32.49,32.49,high,medium,8,namesilo,,,09/09/2026 12:57
3532f958-6a16-47c7-8646-92df8953e3b9,intentions.vodka,available,32.49,32.49,medium,low,10,namesilo,,,27/09/2026 22:32
1c21475d-39de-4380-a094-28d35236be86,askew.vodka,available,32.49,32.49,medium,low,5,namesilo,,,07/08/2026 03:31
b5a978bd-0ffa-4083-806f-825c3edaccbb,malevolent.vodka,available,32.49,32.49,medium,low,10,namesilo,,,24/08/2026 13:52
0a6bab1f-7dd8-49e1-81ed-57055860d793,burst.vodka,available,32.49,32.49,high,low,5,namesilo,,,24/09/2026 10:35
2ec43eac-d259-42fb-8c47-d599217ce21f,billion.vodka,premium,512,29.5,high,low,7,namesilo,,,22/09/2026 20:43
c2cd34e5-cc55-457a-abfb-2ffaa1a2feec,traders.vodka,available,43.98,,high,low,7,namecheap,,,
a7150621-75a3-46fb-99cb-75ba23eba4dd,abode.vodka,available,33.98,43.98,high,low,5,namecheap,,,16/09/2026 16:25
f4d3e11a-c189-45d9-9a7c-e5670238ac0d,assemble.vodka,available,33.98,43.98,high,low,8,namecheap,,,28/09/2026 09:53
492bc5dd-c454-4e78-8c14-422b41f16e54,appease.vodka,available,32.49,32.49,high,low,7,namesilo,,,18/08/2026 22:08
db908998-65d5-47b8-8ce6-567860286c16,unable.vodka,available,32.49,32.49,high,low,6,namesilo,,,11/09/2026 23:26
c869d4d9-843d-4dfd-8e4d-81d7f103bb5c,foetal.vodka,available,32.49,32.49,medium,low,6,namesilo,,,18/08/2026 02:18
53e27bf4-c8d9-41f9-85ac-a7dc0a5df556,chapped.vodka,available,32.49,32.49,medium,low,7,namesilo,,,12/08/2026 02:20
c96f1367-1ebd-46f1-8466-f2362d8b6882,bailee.vodka,available,33.98,43.98,medium,low,6,namecheap,,,21/09/2026 19:04
a27bae33-efe0-433b-bcac-a7fd45e7caad,dodging.vodka,available,32.49,32.49,medium,low,7,namesilo,,,21/09/2026 09:51
6d22ec5f-748b-4369-8100-123c9ba8f97d,provides.vodka,available,32.49,32.49,medium,low,8,namesilo,,,16/09/2026 11:52
46fc1609-20ac-4189-bc17-82bded015ba1,springs.vodka,available,25.2,25.2,medium,low,7,cloudflare,,,27/09/2026 23:53
436c89d5-5041-43eb-aad7-1b578bce3868,mclaughlin.vodka,premium,47.2,29.5,medium,low,10,namesilo,,,27/09/2026 01:56
cfe2df93-5c57-426e-91a0-ec9ce6632a86,unsightly.vodka,available,33.98,43.98,medium,low,9,namecheap,,,12/09/2026 19:53
2d0cf2dc-fb25-4407-93b1-990e98008e22,blyth.vodka,available,25.2,25.2,high,low,5,cloudflare,,,29/09/2026 22:39
b1e58abc-663b-4b3a-bc47-1a6bb922f6cb,obsolete.vodka,available,32.49,32.49,high,low,8,namesilo,,,14/08/2026 13:30
cbf8796c-2779-425f-87d8-ec4c04aa7325,simpler.vodka,available,32.49,32.49,high,low,7,namesilo,,,
c9b524d0-cba7-462e-b923-a223e379af5b,toying.vodka,available,26.08,26.08,high,low,6,spaceship,,,29/09/2026 11:35
495f693d-d259-45cf-bc77-573fb3811cd6,duffy.vodka,premium,47.2,29.5,high,low,5,namesilo,,,29/09/2026 03:40
9bae451d-e38d-492b-ab5c-056090c58473,sleekly.vodka,available,32.49,32.49,medium,low,7,namesilo,,,16/09/2026 02:30
62fd2f9b-c146-4171-bda7-752a58a41d6d,aromatic.vodka,premium,47.2,29.5,high,low,8,namesilo,,,22/09/2026 08:02
5fb0f95a-e878-430a-a35c-3ae71a6a5d48,coping.vodka,available,25.2,25.2,high,low,6,cloudflare,,,29/09/2026 18:27
eed26636-5961-4b87-9821-95a417055783,fascism.vodka,available,26.08,26.08,high,low,7,spaceship,,,30/09/2026 01:35
895b4d7d-a7aa-4224-8ba9-6b4f1e53794c,trumbull.vodka,available,26.97,26.97,medium,low,8,dynadot,,,28/09/2026 14:37
2692fd07-b140-492a-8551-952a3b3e63b9,paralyzed.vodka,available,32.49,32.49,medium,low,9,namesilo,,,08/09/2026 01:29
81752a76-2e57-42dd-9f58-2439041ba0ed,bedrest.vodka,available,32.49,32.49,high,low,7,namesilo,,,22/09/2026 23:03
86640711-70f9-4d89-8e3f-b5c333bc0068,lyme.vodka,available,26.08,26.08,high,low,4,spaceship,,,28/09/2026 21:33
0ebea5de-40d3-4715-83fe-b19306722146,windflower.vodka,available,32.49,32.49,high,low,10,namesilo,,,19/09/2026 05:19
2de2c0b3-7552-40aa-9700-9482a6d7c023,pervert.vodka,premium,50,46.99,high,low,7,name.com,,,23/09/2026 23:54
6763b6d8-7a74-4a13-a512-e40c85649761,trickster.vodka,available,32.49,32.49,high,low,9,namesilo,,,23/09/2026 02:57
c92546c5-2cd1-4ef6-b647-65441a31454b,carrier.vodka,available,33.98,43.98,high,low,7,namecheap,,,28/09/2026 19:39
f1cfbc49-6ffd-41a6-956a-4b40ea4a149a,nationally.vodka,available,32.49,32.49,high,low,10,namesilo,,,03/09/2026 13:44
ed605153-3d32-4495-a782-c831fb1fa02c,bloodstream.vodka,available,32.49,32.49,high,low,11,namesilo,,,
1d1e14a6-2a11-41ec-b7bd-52b9bb8c7feb,departing.vodka,available,26.08,26.08,high,low,9,spaceship,,,29/09/2026 14:42
224b10e5-2790-4a8c-a320-bc7f1ed4fa37,communism.vodka,available,32.49,32.49,high,low,9,namesilo,,,24/09/2026 16:38
65848270-ebf8-4b49-9b85-5bfc2e6d6c1a,bacca.vodka,available,33.98,43.98,high,low,5,namecheap,,,21/09/2026 13:55
32b006af-d470-4afa-8bdf-1ad7ff6075db,bugbane.vodka,available,33.98,43.98,medium,low,7,namecheap,,,18/09/2026 20:09
000c27ed-ec68-400f-8e1c-19c5a992f82f,accented.vodka,available,32.49,32.49,medium,low,8,namesilo,,,
d539f1ee-d513-46d6-8d81-1b54b5a057ba,ants.vodka,available,33.98,43.98,high,low,4,namecheap,,,28/09/2026 00:08
53c9a732-6c22-4153-b07f-5b0bc8a42544,foregone.vodka,available,32.49,32.49,medium,low,8,namesilo,,,11/08/2026 12:10
3fc815b5-9237-43a1-9326-4d67ca402067,belongs.vodka,available,33.98,43.98,medium,low,7,namecheap,,,25/09/2026 20:38
9e7da7f2-64db-4f78-bcc6-17fb41b9a801,chthonic.vodka,available,32.49,32.49,medium,low,8,namesilo,,,12/08/2026 07:28
21f55c02-a550-4072-8375-1c93742f40e9,butchery.vodka,available,32.49,32.49,medium,low,8,namesilo,,,16/09/2026 14:16
769a87a5-78f4-439e-8cd8-b936e588cbec,hitting.vodka,available,33.98,43.98,high,low,7,namecheap,,,25/09/2026 07:22
5c3a4c3d-6a46-4db5-ac9a-561bbd5e8a3d,austin.vodka,premium,47.2,29.5,high,low,6,namesilo,,,21/09/2026 04:43
37e6b2b8-2b76-4b16-bb13-176f34c92eff,nonuple.vodka,available,32.49,32.49,low,low,7,namesilo,,,03/09/2026 17:30
b1408053-7d8c-436c-ae28-db2bf363ef3f,vigo.vodka,available,32.49,32.49,high,low,4,namesilo,,,29/09/2026 15:42
c43b99f6-235c-4d27-b8a1-acde7087f09a,amun.vodka,available,33.98,43.98,medium,low,4,namecheap,,,18/09/2026 18:29
2a728ce1-9e45-4f82-acea-e274dd278133,lapsing.vodka,available,32.49,32.49,medium,low,7,namesilo,,,09/09/2026 16:15
affb644e-6f52-4347-bfb6-6eeecb239f25,allamanda.vodka,available,32.49,32.49,medium,low,9,namesilo,,,18/09/2026 09:50
8a49a6e1-e10a-4815-accb-2b78b4462c6b,flavor.vodka,available,33.98,43.98,high,low,6,namecheap,,,28/09/2026 14:12
d5e49326-735c-49c8-91d5-27d493dce131,rhyming.vodka,available,32.49,32.49,high,low,7,namesilo,,,09/09/2026 16:53
7000c06a-aae3-44c2-a149-f028592e5e4d,batiste.vodka,available,32.49,32.49,medium,low,7,namesilo,,,22/09/2026 14:05
bedb7047-e8e3-4b50-b7d0-04e7847f51df,jumper.vodka,available,32.49,32.49,high,low,6,namesilo,,,29/09/2026 01:28
3a9be7e9-58c2-485d-a5c4-ba1a4c2d0a77,evening.vodka,available,32.49,32.49,high,low,7,namesilo,,,24/09/2026 15:27
aef98512-d2e6-4e9c-8f24-5b5885d3f0e6,beanfeast.vodka,available,33.98,43.98,high,low,9,namecheap,,,22/09/2026 20:29
ef04b305-85f5-4cd1-b290-f3b4df95d772,elevators.vodka,available,33.98,43.98,low,low,9,namecheap,,,29/09/2026 00:00
68f316cd-257d-4c7c-b069-af223a91e70e,rko.vodka,available,32.49,32.49,medium,low,3,namesilo,,,28/09/2026 21:41
00e3ee60-b39e-4287-9247-0c0923d0e552,chaldean.vodka,available,32.49,32.49,high,low,8,namesilo,,,12/08/2026 01:26
5ec947c7-eb8d-46f8-9233-5f9bf25b7f59,globally.vodka,available,32.49,32.49,high,low,8,namesilo,,,14/09/2026 21:41
a7143f99-be1f-42d5-b542-a4cc79f046d4,agrarian.vodka,available,33.98,43.98,high,low,8,namecheap,,,
2257564e-d791-4bc6-851e-6660551c8e3e,moments.vodka,available,33.98,43.98,high,low,7,namecheap,,,25/09/2026 20:25
65e27c2e-191a-4e19-b1b8-c620dfba77d5,lucullan.vodka,available,32.49,32.49,medium,low,8,namesilo,,,24/08/2026 11:00
2700b654-4595-46d7-bb2c-7e9d1cd705d9,jetting.vodka,available,32.49,32.49,high,low,7,namesilo,,,22/08/2026 13:09
ca712fb0-6b3d-40c6-8933-4028de317267,aseptic.vodka,available,32.49,32.49,high,low,7,namesilo,,,22/09/2026 09:33
7d9750e8-678a-42a7-a2e1-146f17085e61,martian.vodka,available,32.49,32.49,high,low,7,namesilo,,,24/08/2026 16:37
40b8d29d-2c31-4596-a5be-7f3b6163267d,thallium.vodka,available,32.49,32.49,medium,low,8,namesilo,,,20/09/2026 23:51
657e4afe-717c-42a8-b25e-8c03ae8e8e91,steely.vodka,available,32.49,32.49,medium,low,6,namesilo,,,10/09/2026 19:47
8c277434-777c-42f8-b099-af92785847c8,anaerobe.vodka,available,32.49,32.49,medium,low,8,namesilo,,,19/09/2026 01:18
2dece56f-568f-4220-b1e0-ebf0594ba802,trigon.vodka,available,32.49,32.49,high,low,6,namesilo,,,11/09/2026 19:46
0b90a9e3-f6b3-4ef5-9e54-aac701042a1f,technique.vodka,available,26.08,26.08,high,low,9,spaceship,,,28/09/2026 08:09
2ed15abd-51f3-459a-bf15-7a91284d91bf,albee.vodka,premium,52,32.5,medium,low,5,namecheap,,,18/09/2026 02:31
fcaf2370-809e-47f4-9dca-1693fdd29d4d,minimize.vodka,available,25.2,25.2,high,low,8,cloudflare,,,29/09/2026 20:40
5211c503-119c-4b1f-b1a6-4869872905ae,arethusa.vodka,available,32.49,32.49,medium,low,8,namesilo,,,20/09/2026 04:04
f55948ee-2920-47fd-b84b-9083db080c67,barbarous.vodka,available,32.49,32.49,medium,low,9,namesilo,,,08/08/2026 15:40
bf19e21f-043f-42ed-81be-8c6b32b3d218,adenium.vodka,available,32.49,32.49,medium,low,7,namesilo,,,17/09/2026 07:28
4fd38eef-e116-4b64-8011-efd32b4d1ef5,flaring.vodka,available,32.49,32.49,high,low,7,namesilo,,,
de6533bf-7b3e-45c4-afc4-528dbf90de66,causally.vodka,available,32.49,32.49,medium,low,8,namesilo,,,14/09/2026 06:01
17ba8699-538e-4c96-a5ef-0b56b6b466d6,biface.vodka,available,33.98,43.98,medium,low,6,namecheap,,,09/08/2026 19:55
6f8a1b21-33b1-4835-be23-37eb025dd1ea,predestine.vodka,available,32.49,32.49,high,medium,10,namesilo,,,09/09/2026 01:23
c498c8e2-d75a-4f30-86f4-7773d8cfce06,prosecutors.vodka,available,26.97,26.97,medium,low,11,dynadot,,,30/09/2026 00:33
9d0ab199-6cac-4c7f-bee3-340979644243,briefs.vodka,available,32.49,32.49,high,low,6,namesilo,,,29/09/2026 04:18
2ad61b83-dbfa-47a1-883c-71bdc7c7e222,responsible.vodka,available,32.49,32.49,high,low,11,namesilo,,,25/09/2026 11:15
56f9a39a-a8d3-4812-88fc-5c5d1af6ac6f,vaporing.vodka,available,32.49,32.49,medium,low,8,namesilo,,,11/08/2026 00:58
66ba5104-9752-4ef8-bda3-d59b1c23dcad,sweat.vodka,available,33.98,43.98,high,low,5,namecheap,,,29/09/2026 17:49
30cc27e0-3460-47f9-92f8-87510457ad03,beneficial.vodka,available,32.49,32.49,high,low,10,namesilo,,,09/08/2026 14:24
320b3fc2-f1b0-4701-83e1-e9f6d7fa6ede,sibling.vodka,available,26.08,26.08,high,low,7,spaceship,,,29/09/2026 20:18
6e0dcc21-bd70-41ee-8168-1894f794f4f7,gusty.vodka,available,33.98,43.98,high,low,5,namecheap,,,20/08/2026 21:10
44ed70ea-fa41-4ebe-b818-1c4ed9ec1b27,armour.vodka,premium,47.2,29.5,high,low,6,namesilo,,,20/09/2026 07:22
78e5be15-0bbe-44c3-a2c8-e26063f0dfac,intermix.vodka,available,32.49,32.49,high,medium,8,namesilo,,,24/09/2026 05:39
fa24cfb3-751e-4549-8ae8-b62c02656da0,wrong.vodka,available,32.49,32.49,high,low,5,namesilo,,,25/09/2026 07:41
cc17fbd7-e948-4655-8174-3742649271f1,kmt.vodka,premium,41.6,26.08,high,low,3,spaceship,,,29/09/2026 22:33
2b6e608b-651b-4898-88a2-f70f85434d3a,stints.vodka,available,32.49,32.49,medium,low,6,namesilo,,,20/09/2026 14:23
e7c6316f-932e-4b2d-9638-5244bbaee4fb,mirage.vodka,available,26.26,26.26,high,low,6,porkbun,,,29/09/2026 13:27
146a4ef0-ca74-46d3-b947-3a5a34e156a1,oliver.vodka,premium,96,29.5,high,low,6,namesilo,,,25/09/2026 08:05
cec2d341-1efd-4a4a-82e7-004f790ac344,furnished.vodka,available,33.98,43.98,high,low,9,namecheap,,,18/08/2026 18:50
3b6bd38e-7667-4be1-88b3-0a098062b2b5,leash.vodka,available,32.49,32.49,high,low,5,namesilo,,,
8d794c66-8705-4ef3-85d2-43f0b828f372,ike.vodka,premium,47.2,29.5,high,low,3,namesilo,,,29/09/2026 17:21
17b78cd7-ed10-464e-9565-3e1874d10bf1,janis.vodka,premium,47.2,29.5,high,low,5,namesilo,,,29/09/2026 09:40
9329eb62-0d10-4df6-b323-f1e4ce9f6ec9,null.vodka,premium,512,29.5,high,medium,4,namesilo,,,03/09/2026 22:27
20872dfa-beae-4254-a75f-66aaa5448bee,twits.vodka,available,32.49,32.49,low,low,5,namesilo,,,21/09/2026 06:16
85ddc49d-ac34-420b-a308-c72e9eaf2262,explosion.vodka,available,32.49,32.49,high,low,9,namesilo,,,25/09/2026 21:57
fa1760ee-6cef-4bf6-a050-71ff2cb1f40e,actifed.vodka,available,32.49,32.49,high,medium,7,namesilo,,,17/09/2026 04:37
52cac9e9-8437-495f-848e-1d68f6a4feda,deviant.vodka,available,32.49,32.49,high,low,7,namesilo,,,
a803bddf-aa3f-443c-a042-f4d5fe19f680,flipped.vodka,available,32.49,32.49,medium,low,7,namesilo,,,18/09/2026 12:06
3c9a17e7-dbaa-4446-80c2-be2d9c46f728,hewn.vodka,available,32.49,32.49,medium,low,4,namesilo,,,20/08/2026 23:16
f4873621-9b50-460c-9383-36a26be29357,purifying.vodka,available,32.49,32.49,high,medium,9,namesilo,,,09/09/2026 06:18
9e894301-ebb3-4a4b-98fd-03fe722c4758,ordinate.vodka,available,32.49,32.49,high,low,8,namesilo,,,12/08/2026 22:29
812db883-a0c6-483d-995f-d49ba3469b8f,bette.vodka,premium,47.2,29.5,medium,low,5,namesilo,,,29/09/2026 15:28
637e3e99-31d0-4a19-bce3-cfa60417d726,ear.vodka,premium,41.6,26.08,high,low,3,spaceship,,,29/09/2026 17:25
1147785a-ff13-4af3-aea5-b47e3d99692d,blistering.vodka,available,32.49,32.49,high,low,10,namesilo,,,
c38e1af1-af68-4eb5-841b-df7106d2b1ab,souther.vodka,available,32.49,32.49,high,medium,7,namesilo,,,10/09/2026 14:54
b8315c79-c383-443a-b782-664b10e5c7a3,sunnily.vodka,available,32.49,32.49,medium,low,7,namesilo,,,14/09/2026 06:41
e3cf592d-de6f-48f6-bd80-6d28332b2073,appreciate.vodka,available,32.49,32.49,high,low,10,namesilo,,,27/09/2026 06:44
36567bcf-0cbd-4552-8516-8dd4ad4de741,witching.vodka,available,32.49,32.49,high,low,8,namesilo,,,13/09/2026 12:46
8a411319-3cee-409b-9f1c-c766380f4eb1,plodding.vodka,available,33.98,43.98,medium,low,8,namecheap,,,08/09/2026 21:17
3ddc246f-06a5-4a39-b6cb-c9905418f233,blackcock.vodka,available,32.49,32.49,medium,low,9,namesilo,,,24/09/2026 00:30
85214f88-73c6-4f6e-9998-424e944f7fdf,ranted.vodka,available,32.49,32.49,low,low,6,namesilo,,,20/09/2026 16:55
d5523869-15d3-455e-840b-6e031962554f,sally.vodka,premium,41.6,26.08,high,low,5,spaceship,,,28/09/2026 20:21
553a6d0b-950d-447f-bb96-07507350a3a0,nuremberg.vodka,available,32.49,32.49,high,low,9,namesilo,,,25/09/2026 23:53
f324b779-2583-4ab8-8ccf-7b88fcb3c711,regeneration.vodka,available,32.49,32.49,high,low,12,namesilo,,,29/09/2026 22:53
132624a3-ca9d-44e8-8b49-35b4cc11af1b,repugnant.vodka,available,32.49,32.49,medium,low,9,namesilo,,,
30b60efb-11bf-4ba4-835a-2ae62066b4ae,humboldt.vodka,premium,47.2,29.5,high,low,8,namesilo,,,22/09/2026 07:04
8f7354b9-b3f2-4515-a148-be9991bb5d0c,camel.vodka,available,25.2,25.2,high,low,5,cloudflare,,,28/09/2026 01:20
30bbbab8-8963-48ee-a75d-8ef6cf34153f,adorer.vodka,available,32.49,32.49,high,low,6,namesilo,,,17/09/2026 09:45
dd7b1ce8-48f5-4d2e-a923-4f7d333ab67a,stratigraphy.vodka,available,26.08,26.08,medium,low,12,spaceship,,,28/09/2026 22:57
cc145ba4-b773-4363-81ac-1fc6506b73cf,pose.vodka,available,33.98,43.98,high,low,4,namecheap,,,22/08/2026 21:29
f8f63110-a6ff-4289-9735-8ab10c5b66aa,unseeable.vodka,available,32.49,32.49,medium,low,9,namesilo,,,22/08/2026 09:08
c034c462-e9f4-472b-b5a1-17d44fc4af91,shouldered.vodka,available,32.49,32.49,high,medium,10,namesilo,,,10/09/2026 06:51
320f45d9-2df6-41f8-abf4-8c9bfdaa532b,pumped.vodka,available,26.08,26.08,high,low,6,spaceship,,,29/09/2026 03:14
d6b569de-b779-4514-b8e3-7e91c8fc542b,egg.vodka,premium,47.2,29.5,high,low,3,namesilo,,,29/09/2026 00:46
0aea3cbc-66d3-4763-9736-a94b4a13b543,insistent.vodka,available,32.49,32.49,medium,low,9,namesilo,,,13/08/2026 09:33
668baf22-cb0c-4c98-953b-f3f3218a153d,trustees.vodka,available,25.2,25.2,medium,low,8,cloudflare,,,29/09/2026 23:08
6cfaf377-b9d4-4d92-9952-697ba2df3630,leeds.vodka,premium,47.2,29.5,high,low,5,namesilo,,,29/09/2026 13:17
f0946d2d-06f8-4923-9b9a-2510d861a72d,oxfordshire.vodka,premium,47.2,29.5,high,low,11,namesilo,,,29/09/2026 03:45
05ba641c-4fde-4e0a-b2e6-c9888c342dbf,slope.vodka,available,26.08,26.08,high,low,5,spaceship,,,29/09/2026 23:47
2af34fb4-1e78-4e6f-997a-d854fd224dd6,zimmermann.vodka,premium,,,high,low,10,,,,29/09/2026 22:20
3414324c-9710-40c8-b5a2-3132dc3fdeca,diehard.vodka,available,32.49,32.49,high,low,7,namesilo,,,11/09/2026 18:42
966a3b64-bb16-402c-bac4-9825215313dd,handing.vodka,available,32.49,32.49,medium,low,7,namesilo,,,28/09/2026 11:31
f486d9a3-4466-4f57-9450-5f23e1524678,leathery.vodka,available,32.49,32.49,medium,low,8,namesilo,,,13/08/2026 01:13
32a107ea-54fc-4160-b866-6165f1bcf513,rating.vodka,available,33.98,43.98,high,low,6,namecheap,,,28/09/2026 19:08
58cbb730-a8b5-4e16-bbd3-bb5e8b0ac1fa,carl.vodka,premium,47.2,29.5,high,medium,4,namesilo,,,25/09/2026 11:30
261da47a-a2ad-4dc4-9f3d-e18188ac6855,feasible.vodka,available,32.49,32.49,high,low,8,namesilo,,,17/08/2026 16:48
90dd43d7-5441-45fa-8dbe-ff5e039ef1ba,drab.vodka,available,32.49,32.49,medium,low,4,namesilo,,,14/08/2026 11:43
61abbd66-636c-477c-a007-4df83ecf31c8,mesolithic.vodka,available,33.98,43.98,high,low,10,namecheap,,,24/08/2026 21:17
93594287-8b47-4e34-ba65-63f9c358538a,tactical.vodka,available,32.49,32.49,high,low,8,namesilo,,,11/09/2026 07:00
95ed75c0-6d83-4c19-b4e2-e823c2f2bcb6,crater.vodka,available,26.08,26.08,medium,low,6,spaceship,,,29/09/2026 06:27
8692de96-01fd-44c3-b28c-b98e23752e0f,augustus.vodka,premium,47.2,29.5,high,low,8,namesilo,,,21/09/2026 04:02
82c77df6-0d0d-452c-bb77-dd092dbb4629,leverage.vodka,available,25.2,25.2,high,low,8,cloudflare,,,29/09/2026 01:34
26cbdd01-b737-4c09-bdff-069fd562bc15,degage.vodka,available,32.49,32.49,medium,low,6,namesilo,,,13/08/2026 23:57
9a6f1135-d5c1-44d2-a8ab-c6862aa74784,bivouac.vodka,available,32.49,32.49,medium,low,7,namesilo,,,11/08/2026 15:54
851f0933-ff5a-4df3-b88b-33affe984814,gregarious.vodka,available,32.49,32.49,high,low,10,namesilo,,,20/08/2026 19:56
1741fbda-66bd-4f55-a764-67ddd0022bce,dna.vodka,premium,47.2,29.5,high,medium,3,namesilo,,,29/09/2026 14:01
35062bfc-140b-4984-ba7e-a2b500e6c7e0,dodge.vodka,premium,41.6,26.08,high,low,5,spaceship,,,28/09/2026 01:47
af194c8f-9052-4af5-8716-2a8f840a452a,lacerate.vodka,available,33.98,43.98,medium,low,8,namecheap,,,22/08/2026 17:51
51acc751-586b-47e9-b957-e746bb72016f,zamora.vodka,premium,41.6,26.08,high,low,6,spaceship,,,29/09/2026 15:40
7b7d44c4-6f08-427c-a9d8-55fedf110a81,yourself.vodka,available,32.49,32.49,high,low,8,namesilo,,,25/09/2026 12:53
7c1f0ae6-596d-4268-8d0c-28df41ea3a71,drake.vodka,premium,41.6,26.08,high,low,5,spaceship,,,29/09/2026 18:43
546dfcf7-ae55-4b4e-ba84-f1e9f4c1001c,facilitation.vodka,available,32.49,32.49,high,low,12,namesilo,,,17/09/2026 01:02
7bc8f4bd-dec9-4727-8093-bfa95226dc29,coins.vodka,available,33.98,43.98,high,medium,5,namecheap,,,16/09/2026 08:35
29bb169a-8f2e-4346-9eb6-678d9d6b174d,millionth.vodka,available,32.49,32.49,high,low,9,namesilo,,,24/08/2026 23:25
705c8c4e-b380-4181-85c1-b0449add782b,wassermann.vodka,available,32.49,32.49,high,low,10,namesilo,,,21/09/2026 03:49
dc82cf02-fd6c-4149-9f61-7902ea52cc75,octavo.vodka,available,32.49,32.49,medium,low,6,namesilo,,,16/09/2026 12:43
98143014-24d8-4843-8c8f-5505a7fe8506,icc.vodka,available,32.49,32.49,high,low,3,namesilo,,,25/09/2026 07:43
5e6881d0-db82-46e4-b700-f4e9c1a27ae8,only.vodka,premium,2600,32.5,high,medium,4,namecheap,,,22/09/2026 02:00
6b65ecfe-8c9b-4e33-88d0-97c8ca15bbaf,olympics.vodka,available,32.49,32.49,high,low,8,namesilo,,,
3527d21e-9702-4fb1-9948-32c77677a56d,nucleate.vodka,available,32.49,32.49,medium,low,8,namesilo,,,03/09/2026 22:24
2684dc31-2031-40e0-8311-058ce53063e1,public.vodka,available,32.49,32.49,high,medium,6,namesilo,,,27/09/2026 08:01
f1e7f953-99c9-499a-840a-70209343c4d5,dogs.vodka,available,32.49,32.49,high,low,4,namesilo,,,17/09/2026 11:22
a20584be-2975-4026-b830-728e5eb10920,squall.vodka,available,26.08,26.08,medium,low,6,spaceship,,,29/09/2026 12:24
4dcf8edd-7f66-4084-9d7a-051c77da06dd,equestrian.vodka,available,32.49,32.49,high,low,10,namesilo,,,17/08/2026 11:42
66817bf4-312b-4198-9293-e6f35258f651,unhatched.vodka,available,32.49,32.49,medium,low,9,namesilo,,,12/09/2026 12:05
ba4feb44-d6c5-40bf-8c52-d6f1d63c4d35,countdown.vodka,available,26.08,26.08,high,low,9,spaceship,,,29/09/2026 11:59
fa2cd50e-d35b-4543-953c-ac9fbf1efd98,lucinda.vodka,premium,44.19,27.82,high,low,7,porkbun,,,29/09/2026 15:29
ef5c49e2-c221-44a5-b457-dfcaef845097,kweek.vodka,available,33.98,43.98,medium,low,5,namecheap,,,21/09/2026 18:35
7524eb2c-d355-424c-bc13-aadb9901a871,anhinga.vodka,available,32.49,32.49,medium,low,7,namesilo,,,19/09/2026 08:18
9efc4329-5ef4-435e-8f44-fb7ae9ac8e02,unwritten.vodka,available,32.49,32.49,high,low,9,namesilo,,,04/09/2026 17:17
906582ef-fb2d-486e-aec3-a1345664ae4f,arginine.vodka,available,32.49,32.49,medium,low,8,namesilo,,,20/09/2026 04:24
bbf6898d-e8bd-477e-8369-78c2cb66776f,pictorial.vodka,available,32.49,32.49,high,low,9,namesilo,,,23/08/2026 01:46
ca6e6c72-2da2-4378-8ec7-da00eaa40936,auxiliary.vodka,available,32.49,32.49,high,low,9,namesilo,,,
8eaf5136-da41-4c52-b0ed-8dc62829a794,especially.vodka,premium,44,26.97,medium,low,10,dynadot,,,28/09/2026 14:41
18681124-d9bf-4c8a-ae0d-435a44fadcf1,bookish.vodka,available,33.98,43.98,high,low,7,namecheap,,,10/08/2026 19:09
7a968642-e355-487a-bc00-65a024ef7697,bluster.vodka,available,32.49,32.49,medium,low,7,namesilo,,,11/08/2026 01:07
a65f5d0d-87dd-4397-9d65-6835b811ef77,tilt.vodka,available,32.49,32.49,high,low,4,namesilo,,,22/08/2026 22:05
59dc2c0a-ab80-405b-91de-df08d1f79506,luisa.vodka,premium,41.6,26.08,medium,low,5,spaceship,,,29/09/2026 05:31
41387aec-ec1d-485d-96ad-2881cde9385b,versions.vodka,available,26.97,26.97,medium,low,8,dynadot,,,30/09/2026 00:17
6447e120-6cc3-40b3-a1a8-71349edd9aff,badminton.vodka,available,32.49,32.49,high,low,9,namesilo,,,21/09/2026 17:13
5ce3f08d-f739-4d82-8435-5a40b81c9b7b,fitter.vodka,available,32.49,32.49,high,low,6,namesilo,,,18/08/2026 05:48
048792b3-4212-499c-a128-2813b8abf0df,pegs.vodka,available,33.98,43.98,medium,low,4,namecheap,,,20/09/2026 09:49
1c73db9f-22a0-4a2e-b5f0-584266fe30eb,foggy.vodka,available,32.49,32.49,high,low,5,namesilo,,,10/08/2026 16:21
f41a4d10-c617-4e08-8812-b07ad908dfcd,flier.vodka,available,32.49,32.49,high,low,5,namesilo,,,11/08/2026 05:10
a7a84ab2-c1ed-4898-9c35-ac97d3964e92,contralto.vodka,available,32.49,32.49,medium,low,9,namesilo,,,
816600ac-23ae-48eb-a423-596a3fb11978,newcomb.vodka,available,26.08,26.08,high,low,7,spaceship,,,29/09/2026 13:33
cf18a09d-d826-445a-a0d5-f028dbad57a6,disparate.vodka,available,32.49,32.49,medium,low,9,namesilo,,,14/08/2026 11:52
ad852f17-3759-49fc-b438-fff8537ebbb0,marines.vodka,available,25.2,25.2,high,low,7,cloudflare,,,30/09/2026 03:55
da93e788-ebba-49d4-84c5-bf3068ff842a,painful.vodka,available,32.49,32.49,high,low,7,namesilo,,,
51f504f8-497b-445c-87c7-da30423622c5,seattle.vodka,premium,500,,high,low,7,name.com,,,
54ebda74-9e3c-49e5-9c6c-1a575840ebff,survivors.vodka,available,25.2,25.2,medium,low,9,cloudflare,,,28/09/2026 05:06
c7023297-4c3e-4d95-bbf2-e001b770d87d,obviously.vodka,available,32.49,32.49,high,low,9,namesilo,,,27/09/2026 03:52
ce13f996-8f90-4c09-bd76-2b3570578b89,unfamiliar.vodka,available,32.49,32.49,high,low,10,namesilo,,,12/09/2026 09:55
86fc0e26-3e0f-40cd-97ca-c0d3ba29eaa5,revenues.vodka,available,25.2,25.2,medium,low,8,cloudflare,,,28/09/2026 04:22
b678fb08-1d55-4c65-93e2-e155eaa2da74,coupons.vodka,premium,512,29.5,medium,low,7,namesilo,,,21/09/2026 07:55
2c058343-a297-4e0d-85c4-3a054c14b5da,teen.vodka,premium,52,32.5,high,low,4,namecheap,,,21/09/2026 19:11
d7e7a0f0-6751-4cb2-8087-82457464f955,aeolus.vodka,available,33.98,43.98,medium,low,6,namecheap,,,17/09/2026 12:36
6e029f89-39ed-48a6-822f-24c806b02a08,booster.vodka,available,32.49,32.49,high,low,7,namesilo,,,17/09/2026 08:57
5068e81b-f200-4495-836f-a2c5fec7ec78,scythian.vodka,available,32.49,32.49,medium,low,8,namesilo,,,10/09/2026 00:28
c99c65a7-827c-4fc9-a968-852d8f3bafa4,postoffice.vodka,available,32.49,32.49,high,low,11,namesilo,,,
a397c0ed-66d1-45c6-9ef3-0265be62a9bb,aquino.vodka,premium,47.2,29.5,medium,low,6,namesilo,,,28/09/2026 22:09
9db97f10-219f-418a-80d1-8508c1a0e746,ionised.vodka,available,32.49,32.49,medium,low,7,namesilo,,,22/08/2026 09:33
32122329-087c-4914-b707-c2c42ffcd0f7,maudlin.vodka,available,32.49,32.49,medium,low,7,namesilo,,,09/08/2026 00:42
d097cbc5-1d9c-4be6-b95b-4c9e85427398,staring.vodka,available,33.98,43.98,high,low,7,namecheap,,,21/09/2026 22:19
d66fba93-3e9e-447c-8617-f2939d14c9b5,rushed.vodka,available,25.2,25.2,high,low,6,cloudflare,,,27/09/2026 17:29
37bd275c-6b4a-4ae4-b86b-1893f096a006,hoagy.vodka,available,33.98,43.98,high,low,5,namecheap,,,24/09/2026 20:07
de09d70a-f62f-42b4-8dcb-350234cb80a5,ataturk.vodka,available,33.98,43.98,high,low,7,namecheap,,,20/09/2026 19:44
5657285c-4d1b-4365-b344-a627844391f5,cxv.vodka,available,,,high,low,3,,,,
fc3d3b34-cbc8-4e07-bb74-e45c3285c01e,claudia.vodka,premium,47.2,29.5,high,low,7,namesilo,,,25/09/2026 13:43
ad78f174-5bac-48cd-b06c-e86e0310ef3b,amongst.vodka,available,43.98,,medium,low,7,namecheap,,,
bfe1c8e3-30bb-4910-9eb9-e613fac2fd14,neurogenic.vodka,available,32.49,32.49,medium,low,10,namesilo,,,03/09/2026 16:12
992eee43-7adf-4ade-8836-4c2134a1e794,portent.vodka,available,32.49,32.49,medium,low,7,namesilo,,,09/09/2026 02:55
49889276-c0d0-4f54-a24f-22313da3aa28,unchecked.vodka,available,32.49,32.49,medium,low,9,namesilo,,,12/09/2026 04:32
058a0b95-cc01-4ade-b695-42df32f9109f,beetle.vodka,available,32.49,32.49,high,low,6,namesilo,,,09/08/2026 08:17
1577ce21-ee08-45bc-9c3e-292d1efc2eef,obnoxious.vodka,available,32.49,32.49,medium,low,9,namesilo,,,03/09/2026 23:32
55f6a2f8-f0f0-4f44-ad33-c97618f8631f,prick.vodka,available,32.49,32.49,high,low,5,namesilo,,,08/08/2026 23:38
2bb74d7c-7a47-43fa-b950-46d5c4c47ec0,uncoated.vodka,available,32.49,32.49,medium,low,8,namesilo,,,12/09/2026 05:35
ddb7c5e1-8490-4dd3-be79-01d1319ccc71,seated.vodka,available,26.08,26.08,high,low,6,spaceship,,,27/09/2026 19:11
e681d998-e7d7-4566-bc0e-4530baa13aa6,donut.vodka,available,26.97,26.97,high,low,5,dynadot,,,29/09/2026 16:33
a930b1e6-f136-4640-b534-ce1773bc5e43,akhenaton.vodka,available,32.49,32.49,medium,low,9,namesilo,,,17/09/2026 23:57
4d97f28f-43b3-48c5-a517-2b4b1f0e1860,licensed.vodka,available,32.49,32.49,high,low,8,namesilo,,,19/09/2026 16:56
45ffc775-05e3-46b2-935d-6a7475e33738,heptad.vodka,available,32.49,32.49,medium,low,6,namesilo,,,
78595aee-6073-4d2c-b284-c76b7820a953,declared.vodka,available,33.98,43.98,high,low,8,namecheap,,,13/08/2026 21:46
70c836f2-8599-4fe6-8a89-f44fdb79f139,numeric.vodka,available,32.49,32.49,high,low,7,namesilo,,,03/09/2026 22:54
d5711c94-1a69-44d1-9b66-3f5e3cb48ad0,business.vodka,premium,44,26.97,high,medium,8,dynadot,,,29/09/2026 10:41
15eca3ac-b711-46c9-b821-26c33eee494f,brewer.vodka,premium,47.2,29.5,high,low,6,namesilo,,,23/09/2026 01:41
db4fa3dc-8bf9-4beb-873e-033201e5fc70,cadiz.vodka,premium,47.2,29.5,medium,low,5,namesilo,,,29/09/2026 06:11
a42a42ee-7315-49dd-a4e2-f65963b51681,watertown.vodka,premium,52,32.5,medium,low,9,namecheap,,,28/09/2026 06:52
a40c1821-30f5-447e-87ff-1ad7c230fa64,tarry.vodka,available,32.49,32.49,medium,low,5,namesilo,,,09/09/2026 15:16
6cb33822-5608-4f3b-968f-0032da701c5c,baneberry.vodka,premium,47.2,29.5,medium,low,9,namesilo,,,22/09/2026 01:43
04f4533d-ba1d-4069-bf0a-feaa60f9dfc2,plaster.vodka,available,33.98,43.98,high,low,7,namecheap,,,17/09/2026 07:59
307e95dc-a167-44f7-bc69-cd791a0eaf0e,boyce.vodka,premium,52,32.5,medium,low,5,namecheap,,,28/09/2026 11:42
1d46c2da-3477-4bde-a5f0-69d2fa66c174,girl.vodka,premium,828.2,26.08,high,low,4,spaceship,,,29/09/2026 13:16
507aceac-c154-432d-ad19-bdef73bfb928,fade.vodka,premium,44,26.97,high,low,4,dynadot,,,28/09/2026 05:41
a972b5ac-622f-4490-895e-f47df114a1f4,rape.vodka,premium,47.2,29.5,high,low,4,namesilo,,,24/09/2026 08:17
727b6bbe-341a-43ca-b808-58da8a51b24e,meade.vodka,available,32.49,32.49,high,low,5,namesilo,,,27/09/2026 04:12
ebb5aa15-c869-480e-8801-fd9b7b51c985,hamilton.vodka,premium,414.2,26.08,high,medium,8,spaceship,,,28/09/2026 20:18
10d0aed6-c4ba-4c4a-bb53-be92f37e22e9,excuses.vodka,available,26.08,26.08,medium,low,7,spaceship,,,28/09/2026 23:11
257432bc-bcde-466c-9407-f32471c6da6f,bonk.vodka,available,33.98,43.98,high,low,4,namecheap,,,22/09/2026 10:31
e72012e7-7f63-4b9b-8b0e-adb8bbb192f2,gradable.vodka,available,32.49,32.49,medium,low,8,namesilo,,,08/09/2026 03:31
5f1477c3-4701-4463-8a06-c211df2912e4,burnley.vodka,premium,47.2,29.5,medium,low,7,namesilo,,,29/09/2026 15:51
0c7c8131-803d-47aa-934a-7eba8d20b345,wedded.vodka,available,32.49,32.49,high,low,6,namesilo,,,13/09/2026 09:30
9b7633f0-c1bc-4c3c-830a-c6cef6e4aa40,katy.vodka,premium,50,,high,low,4,name.com,,,
966cf325-674e-4fc6-b455-914a34764c16,slapped.vodka,available,32.49,32.49,low,low,7,namesilo,,,29/09/2026 23:39
5e2e00a0-76a1-40db-9a1c-c5f73ed414b8,unscripted.vodka,available,33.98,43.98,medium,low,10,namecheap,,,12/09/2026 19:05
2bebb907-12b1-435b-8ca6-08ddfd44037d,syllabled.vodka,available,32.49,32.49,medium,low,9,namesilo,,,11/09/2026 06:00
ec45a698-8e43-4131-abff-71ab69328f2c,invited.vodka,available,32.49,32.49,high,low,7,namesilo,,,25/09/2026 11:51
bc094b68-6062-4002-8343-bdbe25af8a44,intervention.vodka,available,26.97,26.97,medium,low,12,dynadot,,,29/09/2026 04:42
9e51925f-9894-41de-9a77-9d403a6459bb,dissociate.vodka,available,32.49,32.49,medium,low,10,namesilo,,,14/08/2026 11:11
30de28f7-b97b-4ee6-9c14-afed2673aa92,browser.vodka,available,32.49,32.49,high,low,7,namesilo,,,29/09/2026 04:41
5a82ca4b-d281-446a-9d74-173c5c924229,tabular.vodka,available,32.49,32.49,high,low,7,namesilo,,,11/09/2026 06:55
2f4d6220-3acf-49f4-84e4-d6763f14881b,debacle.vodka,available,32.49,32.49,medium,low,7,namesilo,,,13/09/2026 07:56
2b0e4c83-585e-4c8e-a22f-46385010c10f,satiable.vodka,available,32.49,32.49,medium,low,8,namesilo,,,09/09/2026 21:37
6f567e0d-7404-4c18-92f3-aa5e096f26bd,baksheesh.vodka,available,33.98,43.98,medium,low,9,namecheap,,,21/09/2026 15:52
049cd39e-170b-4d46-a006-cae642cf576f,wait.vodka,available,32.49,32.49,high,low,4,namesilo,,,13/09/2026 07:44
d58451c3-616d-4be9-b6b4-db0c26ddfcac,boniface.vodka,available,33.98,43.98,medium,low,8,namecheap,,,19/09/2026 19:19
91f7d349-9fed-4f4c-8448-69c2ba83e111,bilby.vodka,available,32.49,32.49,medium,low,5,namesilo,,,23/09/2026 15:40
63635edd-343c-44d0-a88a-738d0d19617d,sky.vodka,premium,854,29.5,high,medium,3,namesilo,,,24/09/2026 11:19
437bb1c7-c372-4833-9a29-904685520bf2,specification.vodka,available,32.49,32.49,high,low,13,namesilo,,,
edb7af4b-e4c4-4b3c-8098-1b169ac58247,pest.vodka,premium,44.19,27.82,medium,low,4,porkbun,,,28/09/2026 18:26
a6e17dbc-c55d-4870-9615-c621baf5daec,scores.vodka,available,32.49,32.49,high,low,6,namesilo,,,14/09/2026 23:23
ad5fb41d-fa51-4db1-82a8-ff8a30a1c477,houston.vodka,premium,520,32.5,high,low,7,namecheap,,,27/09/2026 04:28
95462c9c-7fed-422d-a43a-1848258a5106,showering.vodka,available,32.49,32.49,high,low,9,namesilo,,,
103ee1e6-5aac-4f47-bb23-40cac882aded,sense.vodka,available,26.08,26.08,high,medium,5,spaceship,,,29/09/2026 10:28
1902b248-22c6-4861-b5ea-d5274392e360,diversify.vodka,available,32.49,32.49,high,low,9,namesilo,,,
bfbd3fe3-420e-4c17-980b-82789d39dcf6,orally.vodka,available,33.98,43.98,medium,low,6,namecheap,,,15/09/2026 18:11
2090494e-d178-416b-9de9-6292d29e1be2,product.vodka,available,32.49,32.49,high,medium,7,namesilo,,,28/09/2026 15:09
b5277702-92be-42b3-8fec-10ff39cca916,adios.vodka,available,33.98,43.98,high,low,5,namecheap,,,28/09/2026 18:36
950a2a1c-993e-4846-9e54-e20bc0d99661,rebuilding.vodka,available,25.2,25.2,high,low,10,cloudflare,,,29/09/2026 20:09
d8c07569-326e-4273-b145-11c3a0e07b3e,woodruff.vodka,premium,47.2,29.5,medium,low,8,namesilo,,,20/09/2026 15:04
f590c9c6-2701-4f13-9aa4-9c1c83612898,generate.vodka,available,26.08,26.08,high,low,8,spaceship,,,28/09/2026 19:12
22d25017-67aa-4a77-8854-c7cae7179792,csr.vodka,available,32.49,32.49,high,low,3,namesilo,,,29/09/2026 23:54
dc7721b9-4acc-4ea1-9684-444b3803594c,gigantic.vodka,premium,47.2,29.5,high,low,8,namesilo,,,18/08/2026 23:29
9661425a-43f5-4f11-9ad8-62f448175ba1,celeriac.vodka,available,33.98,43.98,medium,low,8,namecheap,,,19/09/2026 17:33
7e5ff32b-d48a-4292-8940-3d221e0e609a,fishing.vodka,premium,854,29.5,high,low,7,namesilo,,,27/09/2026 03:59
dab1e5c3-ca36-4de4-b6f9-13077518a93e,turbulent.vodka,available,32.49,32.49,medium,low,9,namesilo,,,14/08/2026 12:26
bee1a327-b111-488b-8ebb-7377a8d95c38,perished.vodka,available,32.49,32.49,low,low,8,namesilo,,,29/09/2026 23:59
bdb21172-095d-4989-bc52-6fc13ac8f494,malthusian.vodka,available,32.49,32.49,medium,low,10,namesilo,,,24/08/2026 14:17
b718fce9-78aa-4964-81f9-55e1d3958a96,robots.vodka,available,26.26,26.26,high,medium,6,porkbun,,,28/09/2026 04:57
9a339dce-b2d9-4b95-80d4-a04b35c05bfb,plotting.vodka,available,26.08,26.08,medium,low,8,spaceship,,,29/09/2026 05:11
eb9e1f7a-2b55-4e99-8514-964066d35ff7,hip.vodka,premium,47.2,29.5,high,low,3,namesilo,,,21/08/2026 06:45
84f16596-360d-4293-8ad6-292844febd0c,wentworth.vodka,premium,47.2,29.5,high,low,9,namesilo,,,25/09/2026 21:47
db722a2a-f096-486e-b8a8-a7dfd7351034,fools.vodka,available,32.49,32.49,medium,low,5,namesilo,,,27/09/2026 23:44
9fdb720a-a772-463c-b1ae-02ed51c05f43,menacingly.vodka,available,32.49,32.49,medium,low,10,namesilo,,,15/09/2026 14:03
3f3cea87-ae59-4986-bf94-61212c06ba0e,sprawl.vodka,available,32.49,32.49,medium,low,6,namesilo,,,10/09/2026 16:41
e800afd7-5215-40b5-9390-9f0a2a4f5761,fortissimo.vodka,available,32.49,32.49,high,low,10,namesilo,,,18/08/2026 12:41
7c1cf41b-0bd6-47cf-a562-daeed7988d98,jody.vodka,premium,50,,high,low,4,name.com,,,
04a11709-5736-47d8-9d6e-8bee7ee30ede,dukes.vodka,premium,,,high,low,5,,,,29/09/2026 15:43
2adfe192-040a-4cf6-9c21-189ce14f9857,nestle.vodka,available,33.98,43.98,high,medium,6,namecheap,,,24/09/2026 20:10
beff4f50-678b-46fb-a056-b1d92b320c10,dentate.vodka,available,32.49,32.49,medium,low,7,namesilo,,,14/08/2026 01:57
de721255-ec28-409c-a86d-5acf346ea2f1,adopter.vodka,available,33.98,43.98,high,low,7,namecheap,,,17/09/2026 09:39
06da7fc6-3c9d-4b9a-8cff-fb9bde9f3f09,disciples.vodka,available,26.97,26.97,high,low,9,dynadot,,,29/09/2026 16:57
a7027e81-a77b-4e5b-90f4-f5732a5dc600,likewise.vodka,available,32.49,32.49,high,low,8,namesilo,,,22/09/2026 00:06
79e19b55-6880-48eb-b261-d30837fd944e,polemist.vodka,available,32.49,32.49,medium,low,8,namesilo,,,08/09/2026 22:57
c915fe33-7dba-4916-ab04-2fb666b080d8,hypocrite.vodka,available,33.98,43.98,high,low,9,namecheap,,,08/09/2026 19:08
1b93eb45-5fc7-41b2-bff4-5fb4a6e562ed,reminds.vodka,available,32.49,32.49,medium,low,7,namesilo,,,27/09/2026 03:09
e198226e-4bd6-451f-bf11-075b743290e9,subport.vodka,available,25.2,25.2,medium,low,7,cloudflare,,,28/09/2026 16:14
e85dcb5c-a951-4a93-bdb6-3758a1ada5e3,hysteria.vodka,available,33.98,43.98,high,low,8,namecheap,,,24/09/2026 21:43
e4cec1e6-4ee1-4bc7-b722-1067734371ff,washup.vodka,available,32.49,32.49,medium,low,6,namesilo,,,24/09/2026 22:42
50b28a60-a2b5-43ff-ad96-5aeb973a335f,sang.vodka,premium,52,32.5,high,low,4,namecheap,,,18/09/2026 20:03
31693dfe-8ee1-4f61-bc8d-6dc8885edb75,galling.vodka,available,32.49,32.49,high,low,7,namesilo,,,
a9a011e5-9b03-4ce1-821c-acd5aff5c70f,angered.vodka,available,32.49,32.49,medium,low,7,namesilo,,,
cb61de84-7c8a-46c7-bd74-202d58afae4e,moonflower.vodka,available,32.49,32.49,high,low,10,namesilo,,,23/09/2026 06:03
798f3b5e-c6d1-4c5a-b103-d682baadc9be,rapporteur.vodka,available,25.2,25.2,high,low,10,cloudflare,,,29/09/2026 20:07
0ab6e209-e240-4348-8573-a1fbb52ad4a2,fulminant.vodka,available,33.98,43.98,medium,low,9,namecheap,,,18/08/2026 18:18
53bdcddd-8408-4190-84cd-856187688126,suffered.vodka,available,32.49,32.49,low,low,8,namesilo,,,27/09/2026 02:46
6c524fe2-4a6b-44b6-9894-9772becb1072,aerobic.vodka,available,46.99,46.99,high,low,7,name.com,,,21/09/2026 21:01
dbce18c3-2a65-4ab7-9581-92dd25dc000e,bobcat.vodka,available,32.49,32.49,high,medium,6,namesilo,,,22/09/2026 17:27
925b981f-f701-46b3-b1ab-abcfa3b8d5bc,conan.vodka,available,26.08,26.08,high,low,5,spaceship,,,28/09/2026 07:59
7e7a32a9-af17-44f7-8847-31f145954521,retrieve.vodka,available,32.49,32.49,high,low,8,namesilo,,,
7ae076f9-7d97-4bb4-ad77-68d4c7ba8268,antidote.vodka,available,32.49,32.49,high,low,8,namesilo,,,19/09/2026 14:20
ab9693ab-9c5f-480e-ae17-7666d7984248,molly.vodka,premium,87.86,27.82,high,low,5,porkbun,,,28/09/2026 14:53
4d336705-dc30-498f-94e2-a9c501470d79,luxe.vodka,available,46.99,46.99,high,low,4,name.com,,,13/08/2026 19:13
22242345-2d79-475f-9e7c-e11d677fceb0,stumpy.vodka,available,32.49,32.49,medium,low,6,namesilo,,,24/08/2026 10:40
7a2d072d-63e4-4c91-a9ba-f0ee0cdef287,anime.vodka,available,46.99,46.99,high,medium,5,name.com,,,19/09/2026 09:19
953444b1-d245-41a9-bb9d-ccd902895e6b,beautiful.vodka,premium,520,32.5,high,low,9,namecheap,,,29/09/2026 08:37
d971fbd5-4e34-4397-8419-ea848b6e133d,breads.vodka,available,32.49,32.49,medium,low,6,namesilo,,,18/09/2026 04:07
b4d7d754-ec31-47f8-9c4a-8724ce38889d,dynamical.vodka,available,32.49,32.49,high,low,9,namesilo,,,14/08/2026 21:57
e54909f6-d843-4972-a9d2-37cd47c91b09,stunner.vodka,available,32.49,32.49,high,low,7,namesilo,,,22/08/2026 16:40
36b566e3-4466-4b46-b969-b9b1ccaaf504,sextuple.vodka,available,32.49,32.49,medium,low,8,namesilo,,,10/09/2026 05:19
372a9c1e-de93-4947-bfb3-52944ce2f915,cheesecakes.vodka,available,32.49,32.49,medium,low,11,namesilo,,,08/09/2026 07:37
455a2383-5715-48fb-b13a-3a80c8263d41,nutritious.vodka,available,32.49,32.49,high,low,10,namesilo,,,19/09/2026 11:02
eec82136-cdee-4f85-84fd-d413b2bc384a,stand.vodka,available,25.2,25.2,high,low,5,cloudflare,,,29/09/2026 00:58
2c18a954-6cd6-41d2-ba7e-124c2aa70eac,warmly.vodka,available,32.49,32.49,high,low,6,namesilo,,,13/09/2026 08:17
adbd3277-cb2a-46d8-8364-aefe21ef82b5,talking.vodka,available,33.98,43.98,high,low,7,namecheap,,,25/09/2026 10:48
4d9b894e-86b7-48e2-9812-af762b817db8,betsy.vodka,premium,47.2,29.5,high,low,5,namesilo,,,27/09/2026 07:40
6a746c1e-bc59-4537-a4ab-8aacd0876246,pour.vodka,premium,500,,high,low,4,name.com,,,
fb48f09c-e9ae-459f-a009-e3eeda370132,magnate.vodka,available,32.49,32.49,high,low,7,namesilo,,,23/09/2026 14:16
62aee772-a4b2-45a8-a093-432c20f3ab3b,dusk.vodka,available,33.98,43.98,high,low,4,namecheap,,,11/09/2026 21:39
ad8649be-2343-4133-8af4-20a9151ba454,shares.vodka,available,32.49,32.49,high,low,6,namesilo,,,
0bbcc194-5f75-4bba-ab51-8a5e3573a071,bulk.vodka,premium,854,29.5,high,low,4,namesilo,,,29/09/2026 05:21
20d01a1f-3979-4b45-a77b-8bf56a580305,carousel.vodka,available,32.49,32.49,high,medium,8,namesilo,,,30/09/2026 00:59
a01f5f09-dcd1-4d89-b413-07779c4b1102,gratuity.vodka,available,32.49,32.49,high,low,8,namesilo,,,21/09/2026 15:50
8b482089-6331-4dd2-b1a3-2dbdc10e179a,gelatinous.vodka,available,33.98,43.98,medium,low,10,namecheap,,,18/08/2026 21:01
5c036268-340b-4d00-a793-f3eef9811b95,bilgewater.vodka,available,32.49,32.49,medium,low,10,namesilo,,,21/09/2026 23:46
29a67776-7e2a-4d4b-acb6-64dad5c74ef5,reflect.vodka,available,32.49,32.49,high,low,7,namesilo,,,28/09/2026 10:29
e58c46b7-9e2f-48db-8e2e-0df0cc54e9ce,ann.vodka,premium,47.2,29.5,high,low,3,namesilo,,,
6eb0b024-5568-422b-90ed-3789e3321ad8,nodding.vodka,available,32.49,32.49,high,low,7,namesilo,,,12/08/2026 00:48
8d8bd4bb-ab65-40f7-977e-254a7876d872,protocols.vodka,available,32.49,32.49,medium,low,9,namesilo,,,19/09/2026 04:47
d35566e2-8292-42df-89dc-5e5f1d7cbe57,reggie.vodka,premium,41.6,26.08,high,low,6,spaceship,,,28/09/2026 07:45
62120c5a-4d56-4a0e-b520-1575af35b2c3,swords.vodka,available,32.49,32.49,medium,low,6,namesilo,,,
24b4f90c-87c0-4703-a70f-dafaebce802b,marches.vodka,available,33.98,43.98,medium,low,7,namecheap,,,29/09/2026 19:38
4a3a11ea-1b3b-42f4-b96c-1b2b543672a6,logy.vodka,available,32.49,32.49,medium,low,4,namesilo,,,18/08/2026 09:55
8fd51354-64b7-4c70-ac75-93388c7573d3,capability.vodka,available,33.98,43.98,high,low,10,namecheap,,,24/09/2026 12:11
838a6b7b-b08b-4c2d-8e4e-c4c8031c8216,neritic.vodka,available,32.49,32.49,medium,low,7,namesilo,,,03/09/2026 15:41
c815aa2f-1074-4716-971e-0832cd442ec1,thrilling.vodka,available,32.49,32.49,high,low,9,namesilo,,,16/08/2026 02:41
354e842a-269a-42f6-9bfa-a7898fa87bcc,stressed.vodka,available,32.49,32.49,medium,low,8,namesilo,,,10/09/2026 22:30
32049edd-2538-4fd1-b650-3a5ee71684cf,baldrick.vodka,available,32.49,32.49,medium,low,8,namesilo,,,21/09/2026 21:46
fe3ccd9a-9e41-457d-af1f-56007161d09a,influent.vodka,available,32.49,32.49,high,low,8,namesilo,,,22/08/2026 04:36
d8b60a99-351a-4c20-be20-2ba87b2284f3,highway.vodka,available,32.49,32.49,high,low,7,namesilo,,,29/09/2026 22:47
5e434daa-549e-4342-9dbb-be7cbb50b134,jenna.vodka,premium,,,medium,low,5,,,,29/09/2026 04:01
aef5f477-4e27-4090-a363-9ad5105b00d1,unsized.vodka,available,33.98,43.98,medium,low,7,namecheap,,,12/09/2026 20:00
85b1e0dd-5e82-411c-898f-b99afd02bb6b,cashed.vodka,available,33.98,43.98,high,low,6,namecheap,,,11/08/2026 20:15
cf4fddac-d250-4d3a-9d9a-734538327475,measurements.vodka,available,32.49,32.49,medium,low,12,namesilo,,,29/09/2026 11:24
7f73086f-d0d7-450f-897d-790aa2b10b5f,endoergic.vodka,available,32.49,32.49,medium,low,9,namesilo,,,17/08/2026 01:08
d88409ef-5321-4944-bc63-7490c2b14b13,rubbing.vodka,available,33.98,43.98,high,low,7,namecheap,,,29/09/2026 02:04
d1be6a84-9912-43fb-b828-480c1bb71cae,nie.vodka,available,26.26,26.26,high,low,3,porkbun,,,30/09/2026 03:54
1f9e3ca7-b898-4479-a687-732c596ca8ba,cooke.vodka,premium,52,32.5,high,low,5,namecheap,,,18/09/2026 06:21
6c1f4779-9b77-4edb-869f-72712632a9e8,defined.vodka,available,32.49,32.49,high,low,7,namesilo,,,24/09/2026 05:04
142e1b7e-b19c-48e9-ba7d-18396edffb17,infirmary.vodka,available,33.98,43.98,high,low,9,namecheap,,,29/09/2026 13:04
892ce244-3502-463c-8218-58a624524035,nauseating.vodka,available,32.49,32.49,medium,low,10,namesilo,,,24/08/2026 08:23
9afa79b2-8c8a-4089-8886-470df9cbe56a,belorussia.vodka,available,33.98,43.98,medium,low,10,namecheap,,,23/09/2026 04:27
adf2c75a-5a10-4e31-912e-3090cebba593,firm.vodka,available,26.26,26.26,high,low,4,porkbun,,,28/09/2026 03:17
51fb2410-11c9-4359-a4c5-056d67112f9f,plump.vodka,premium,47.2,29.5,high,low,5,namesilo,,,12/08/2026 07:35
aea6af61-cb23-4bb5-9932-e37d48370656,veggies.vodka,available,33.98,43.98,medium,low,7,namecheap,,,18/09/2026 15:41
94631643-815e-4c78-b806-7be03a6a1000,heine.vodka,available,26.08,26.08,high,low,5,spaceship,,,29/09/2026 15:16
db412d40-8fb5-4cf9-8593-89316c442136,reno.vodka,premium,,,high,low,4,,,,28/09/2026 06:40
6c2b44a4-88bc-4c08-be2a-2031b0069539,demands.vodka,available,33.98,43.98,low,low,7,namecheap,,,27/09/2026 10:52
083ac83e-7e69-447d-94f5-7e907fc7ab9c,productivity.vodka,available,32.49,32.49,high,low,12,namesilo,,,29/09/2026 23:18
616daa89-000b-4558-a46f-ff8b94ce902e,balagan.vodka,available,33.98,43.98,medium,low,7,namecheap,,,21/09/2026 20:48
3655b8ba-e221-4d18-9c20-56673ddc2d8a,travellers.vodka,available,32.49,32.49,high,low,10,namesilo,,,17/09/2026 22:15
4766bc07-5b9b-4137-8370-092f2b162bb1,carpet.vodka,available,26.08,26.08,high,low,6,spaceship,,,29/09/2026 07:31
eed75936-c218-4c8c-a096-ccf29f645fab,wyrd.vodka,available,32.49,32.49,medium,low,4,namesilo,,,13/09/2026 10:11
ce4687cf-f0a0-4b90-8279-abb64838b1f1,centimetre.vodka,available,32.49,32.49,high,low,10,namesilo,,,24/09/2026 13:35
3d1c076e-e651-413a-8b7a-9cd11154b515,offside.vodka,available,32.49,32.49,medium,low,7,namesilo,,,04/09/2026 01:39
ae7d6f84-97f7-4238-85d4-1575feafe933,destroyed.vodka,available,32.49,32.49,medium,low,9,namesilo,,,24/09/2026 07:01
013984e0-7655-4fd4-bb87-5980a82a21f3,chops.vodka,available,26.08,26.08,high,low,5,spaceship,,,30/09/2026 03:46
1b5dc269-b4a2-4ded-8e1f-51bb00e9c4c3,chooses.vodka,available,26.08,26.08,low,low,7,spaceship,,,28/09/2026 18:06
723d9c35-bdfe-4318-8bf8-68281d01ffdd,gloss.vodka,available,32.49,32.49,high,low,5,namesilo,,,08/09/2026 22:58
6d9c6df3-e3b3-4231-a4c7-861a6ddfa850,albumin.vodka,available,32.49,32.49,high,low,7,namesilo,,,18/09/2026 03:26
486144b3-70bb-46fd-b0b1-b69ce34e5f94,barricade.vodka,available,32.49,32.49,high,low,9,namesilo,,,22/09/2026 08:32
65d9ec48-4bcf-4fca-8218-dbde15500976,cytolytic.vodka,available,46.99,46.99,medium,low,9,name.com,,,13/08/2026 14:42
e450b0ef-13f5-4855-9680-382ac4fdf15b,trouper.vodka,available,32.49,32.49,high,low,7,namesilo,,,22/09/2026 06:54
0f6846a0-5386-4e74-941a-d5ec3631582b,spick.vodka,available,33.98,43.98,medium,low,5,namecheap,,,21/08/2026 20:46
6d854bc2-fc34-4563-881c-8c4bd560413e,pallas.vodka,available,33.98,43.98,high,low,6,namecheap,,,20/09/2026 20:39
b24644d6-68e6-441b-a36b-84921d3867d5,tucked.vodka,available,33.98,43.98,high,low,6,namecheap,,,11/09/2026 21:02
a7bbb328-5084-414c-ba96-d1817e191fb9,protozoan.vodka,available,32.49,32.49,high,low,9,namesilo,,,09/09/2026 04:12
0ca3036b-6d3e-41d8-bf2f-dd54adbe755e,gibb.vodka,available,32.49,32.49,medium,low,4,namesilo,,,29/09/2026 22:06
8aaef0d6-5b09-4b9d-9348-c7fa13c6f2cc,doting.vodka,available,32.49,32.49,high,low,6,namesilo,,,14/08/2026 16:28
ea90e7ed-468d-4aa7-86d9-9db18870a6cf,shoe.vodka,available,26.97,26.97,high,low,4,dynadot,,,29/09/2026 03:56
f454db1a-fbf3-4bf5-a039-ad1b69c8ed04,stared.vodka,available,33.98,43.98,medium,low,6,namecheap,,,18/09/2026 02:18
706e3844-e8a8-4d39-9d0d-829550281723,baya.vodka,available,33.98,43.98,medium,low,4,namecheap,,,22/09/2026 17:54
ad43ec41-2478-47d0-b81d-3b908b1713b5,equivalent.vodka,available,32.49,32.49,high,low,10,namesilo,,,24/09/2026 14:50
48b81e6b-e50e-4617-b96b-3e6c966e3b5f,vault.vodka,available,32.49,32.49,high,medium,5,namesilo,,,22/09/2026 02:40
88b7d8fa-6bf7-43a7-a3de-97d2267dc81e,chan.vodka,premium,47.2,29.5,high,low,4,namesilo,,,25/09/2026 11:12
999be6a9-f946-4cdb-892a-1f8b19eda956,pastel.vodka,available,32.49,32.49,high,low,6,namesilo,,,08/09/2026 10:04
afbd6eb0-ec28-4d5b-8ac9-1b89051c06f2,desmond.vodka,premium,47.2,29.5,high,low,7,namesilo,,,26/09/2026 03:14
47256c0f-ed21-4998-8fe0-be7e2165c196,cards.vodka,premium,96,29.5,high,low,5,namesilo,,,24/09/2026 12:49
38095853-9343-4aae-a0ee-941d797e0358,gunfire.vodka,available,26.26,26.26,medium,low,7,porkbun,,,28/09/2026 19:24
19be9c3f-fc64-4b37-8668-f4c02ec9b0af,aeriferous.vodka,available,32.49,32.49,medium,low,10,namesilo,,,
48aed600-8953-47a1-8539-d4ca68cd0b6e,since.vodka,available,32.49,32.49,high,low,5,namesilo,,,
510a8aca-41a7-404e-9b6b-2196e78dbced,encryption.vodka,available,26.08,26.08,high,low,10,spaceship,,,29/09/2026 18:46
91822210-e953-43c4-82a6-0bbe09bf2b3b,resonant.vodka,available,32.49,32.49,high,low,8,namesilo,,,17/08/2026 15:19
cb245ddd-9ff2-403e-a318-2c09650de3b0,related.vodka,available,32.49,32.49,high,low,7,namesilo,,,19/09/2026 12:07
58508431-7d42-4071-b843-638e5c03aae0,quoting.vodka,available,26.08,26.08,high,low,7,spaceship,,,29/09/2026 21:25
f3794e39-45e3-4d29-9f5b-1e91342ef613,toothy.vodka,available,32.49,32.49,medium,low,6,namesilo,,,11/09/2026 17:20
e913174d-586e-4ead-83c7-d949b45ea44a,bandanna.vodka,available,32.49,32.49,high,low,8,namesilo,,,22/09/2026 00:59
15ced486-5072-4805-bce8-2ac84601c681,middlebury.vodka,available,33.98,43.98,medium,low,10,namecheap,,,29/09/2026 15:53
d9f7a7e6-4426-4ff6-89f3-90c4f7f4e200,kinsey.vodka,available,32.49,32.49,high,low,6,namesilo,,,18/09/2026 06:26
96a72ed0-b3df-4ff5-9e88-fb9d312f0ce8,batsman.vodka,available,46.99,46.99,medium,low,7,name.com,,,22/09/2026 14:19
129fae2e-ddf0-40d7-93c0-49ef70c319c2,pit.vodka,premium,47.2,29.5,high,low,3,namesilo,,,24/09/2026 13:22
c1ceb006-8c9d-4d00-9e77-aefb25448485,invoice.vodka,available,26.97,26.97,high,low,8,dynadot,,,28/09/2026 08:16
b6e442ca-3704-452b-968b-ddb05dbe041f,beckley.vodka,available,33.98,43.98,high,low,7,namecheap,,,22/09/2026 22:43
94e1b9b9-c69b-40a8-9ba2-de7c009880bd,frames.vodka,available,32.49,32.49,medium,low,6,namesilo,,,29/09/2026 11:27
6f245dbd-ebe1-4783-96c3-9685de04dabd,headlong.vodka,available,32.49,32.49,medium,low,8,namesilo,,,21/08/2026 01:16
f773ca53-a757-4bd2-a14f-be392259df98,silverman.vodka,available,32.49,32.49,medium,low,9,namesilo,,,28/09/2026 12:16
dcb2f83d-9d8a-4bf5-a8bd-cd375abee666,blocks.vodka,available,32.49,32.49,high,low,6,namesilo,,,17/09/2026 21:52
f5b374e7-bbcb-43fe-943e-3051d739d597,ching.vodka,premium,41.6,26.08,medium,low,5,spaceship,,,29/09/2026 08:53
1c3bbc9b-2b23-4b34-94fa-42d3d1ac0a32,weber.vodka,premium,47.2,29.5,high,low,5,namesilo,,,22/09/2026 07:12
ffab777d-7948-4afb-973e-799633692da4,kraus.vodka,available,26.08,26.08,medium,low,5,spaceship,,,29/09/2026 03:34
120c7e6c-248f-43cc-bd33-1b2eb3913bcc,invertible.vodka,available,32.49,32.49,high,low,10,namesilo,,,22/08/2026 09:00
b40ec387-4238-4e95-847e-f972e9d3cbda,turned.vodka,available,26.08,26.08,medium,low,6,spaceship,,,28/09/2026 09:34
6dbbf6ad-2e7f-4538-802c-e1396743cedd,dvds.vodka,available,25.2,25.2,medium,low,4,cloudflare,,,29/09/2026 00:04
99e25e04-1568-4481-af2c-c03bd9bbc4e0,antibody.vodka,available,32.49,32.49,high,low,8,namesilo,,,19/09/2026 14:14
85ab55c1-4573-4fa4-98c7-810d4f18a948,undefiled.vodka,available,32.49,32.49,medium,low,9,namesilo,,,12/09/2026 06:15
4fd9f9a6-9850-42f5-933c-3e436c9dbf2a,fat.vodka,premium,96,29.5,high,low,3,namesilo,,,24/09/2026 17:19
93f310aa-62bc-46f0-82f7-798c30a73157,conflicting.vodka,available,26.08,26.08,medium,low,11,spaceship,,,30/09/2026 03:55
2e89b3a4-5bb0-400b-9d09-7f1f9af152bc,gives.vodka,premium,47.2,29.5,medium,low,5,namesilo,,,18/09/2026 13:54
7df818d6-3cf8-4765-b985-df1958ba64f3,hotter.vodka,available,32.49,32.49,high,low,6,namesilo,,,29/09/2026 08:52
9c1c8d24-afb5-4514-9802-169b79a70d53,about.vodka,available,32.49,32.49,high,low,5,namesilo,,,21/09/2026 14:03
9c7516ee-68d3-42c3-a8f3-bbab492f60d8,pass.vodka,premium,512,29.5,high,low,4,namesilo,,,27/09/2026 02:49
9a2678ff-fc87-49e5-859b-068b7bd899f6,resultant.vodka,available,32.49,32.49,high,low,9,namesilo,,,
cef55ef8-477d-4209-b3a2-8a66ee9fe13f,formic.vodka,available,32.49,32.49,high,low,6,namesilo,,,18/08/2026 12:11
0c5e3693-d735-4f71-9781-ee22d2e8e831,plaguey.vodka,available,,,medium,low,7,,,,
1b6222e3-6a05-4e0a-9818-24e728e6a0bd,impetuous.vodka,available,32.49,32.49,medium,low,9,namesilo,,,11/08/2026 01:36
2e5c01b8-e482-4147-8acb-74e95db832fb,nonviable.vodka,available,33.98,43.98,medium,low,9,namecheap,,,03/09/2026 21:02
9779b9c9-f9ff-43c3-a85a-152cd1cf5f96,shoeless.vodka,available,33.98,43.98,medium,low,8,namecheap,,,08/08/2026 19:04
49905aaa-c7bf-43e2-9b37-0cb4ce0c2eb4,bionic.vodka,available,32.49,32.49,high,low,6,namesilo,,,10/08/2026 02:17
8bf73438-6873-40f7-a9a1-e5507a4c4178,necrotic.vodka,available,32.49,32.49,medium,low,8,namesilo,,,03/09/2026 14:45
b837ec71-da8c-4ba7-9b01-78cdf1324d9a,ripped.vodka,available,25.2,25.2,high,low,6,cloudflare,,,27/09/2026 17:41
c9858474-f8a9-4186-a0c4-9e3a70a9c2ac,trapped.vodka,available,32.49,32.49,medium,low,7,namesilo,,,07/08/2026 11:08
5e5d1e54-eead-44d3-9f62-76fe077d5484,motional.vodka,available,32.49,32.49,medium,low,8,namesilo,,,25/08/2026 07:22
d9391917-698d-4c17-b40b-60b96b0f37c4,competency.vodka,available,32.49,32.49,high,low,10,namesilo,,,24/09/2026 16:48
97696923-c5fb-46d2-8508-656b089b407a,billed.vodka,available,33.98,43.98,high,low,6,namecheap,,,09/08/2026 21:23
97b73b56-6541-46e1-899c-52e858475038,lectures.vodka,available,26.08,26.08,low,low,8,spaceship,,,29/09/2026 05:25
2da0dfa3-2b99-48a1-85ab-742f01b325b9,episode.vodka,available,26.08,26.08,high,low,7,spaceship,,,29/09/2026 18:15
ac40060c-eb38-493e-81a7-dc3e219c06e7,homework.vodka,available,33.98,43.98,high,low,8,namecheap,,,28/09/2026 06:00
0ce4cd34-ce87-4808-aa1a-b5aa74e3212a,possession.vodka,available,43.98,,high,low,10,namecheap,,,
44dd1858-b507-4194-b1de-88efe04e4450,brice.vodka,premium,41.6,26.08,medium,low,5,spaceship,,,29/09/2026 14:56
cbef3c37-8cb1-4d30-a534-f4b616c1aee4,lyrate.vodka,available,32.49,32.49,medium,low,6,namesilo,,,24/08/2026 12:39
5e673075-869e-4886-8e37-047891d0188f,clarifying.vodka,available,32.49,32.49,high,low,10,namesilo,,,12/08/2026 09:37
f67acb0c-24cd-4812-ac77-d30d683fc670,knives.vodka,premium,41.6,26.08,medium,low,6,spaceship,,,28/09/2026 05:00
421f22fa-4cc0-438d-8bb8-26aac3503126,caption.vodka,available,32.49,32.49,high,low,7,namesilo,,,24/09/2026 12:41
85f15b68-c0fb-472b-982e-99e970c7a6a1,estimating.vodka,available,32.49,32.49,medium,low,10,namesilo,,,
2206ee1c-c575-4164-a856-0471d444cfa2,such.vodka,available,25.2,25.2,high,low,4,cloudflare,,,28/09/2026 01:50
0bf42f61-234e-44b4-81c5-332005835891,tubby.vodka,available,32.49,32.49,medium,low,5,namesilo,,,08/09/2026 22:29
23af7b48-fe1d-4fdf-ae17-711a9760d1fd,performs.vodka,available,43.98,,medium,low,8,namecheap,,,
a30b9af4-2aef-4df9-8720-0fe009943dcf,heroically.vodka,available,32.49,32.49,high,low,10,namesilo,,,15/09/2026 00:39
9263d8e1-9c13-49b8-b46b-5df6b29b943e,uncut.vodka,available,32.49,32.49,high,low,5,namesilo,,,12/09/2026 06:52
e7a1afaf-ea22-452d-b601-c67dde2a6633,cytokines.vodka,available,32.49,32.49,low,low,9,namesilo,,,29/09/2026 06:01
6176f862-90ab-4c53-9f5c-7297116146ce,latest.vodka,available,32.49,32.49,high,low,6,namesilo,,,
78661dc7-c87b-4a36-b92e-e91715adaca7,tolerably.vodka,available,32.49,32.49,high,medium,9,namesilo,,,10/09/2026 12:56
e8984e93-981a-4e1b-9d76-a464d423f33f,retired.vodka,available,33.98,43.98,high,low,7,namecheap,,,27/09/2026 13:17
dbd22235-35e7-4679-a60a-25b4d4d39428,coercive.vodka,available,32.49,32.49,medium,low,8,namesilo,,,12/08/2026 15:24
532b00eb-2ddf-4286-8ab6-b4dce42f50c8,dedication.vodka,available,33.98,43.98,high,low,10,namecheap,,,18/09/2026 10:32
a29a6397-086e-4568-99cc-c66e38a40826,fascinated.vodka,available,32.49,32.49,high,low,10,namesilo,,,24/09/2026 17:12
ade12c45-9e86-4f2a-a310-25fea6443ab3,bentonite.vodka,available,32.49,32.49,high,low,9,namesilo,,,23/09/2026 08:46
525b8b92-1c00-4b93-a02d-9ee74bdfdba1,legitimate.vodka,available,32.49,32.49,high,low,10,namesilo,,,22/08/2026 23:04
1caf4fa7-c511-42e9-a6f7-4bb6d2dd1ad3,punkie.vodka,available,32.49,32.49,medium,low,6,namesilo,,,23/09/2026 22:31
6429a311-f0ce-4ad0-8113-4f787fb7b1bc,fontenoy.vodka,available,32.49,32.49,medium,low,8,namesilo,,,22/09/2026 15:04
9eb1620b-0364-4983-aece-3241e9a32005,powers.vodka,premium,47.2,29.5,high,low,6,namesilo,,,
b2c593b1-c47a-4276-bc20-42d2025970fa,reliever.vodka,available,32.49,32.49,high,low,8,namesilo,,,18/09/2026 10:02
54e8d68a-c5db-48b4-816f-f9928952597b,rbi.vodka,premium,41.6,26.08,high,low,3,spaceship,,,29/09/2026 07:55